"","SITE_ID","YEAR","VISIT_NO","SAMPLED_SECCHI","DATE_SECCHI","SECMEAN","CLEAR_TO_BOTTOM","FLAG_SECCHI","COMMENT_SECCHI"
"1","NLA06608-0001",2007,1,"YES","7/31/2007",6.4,"","",""
"2","NLA06608-0002",2007,1,"YES","6/14/2007",0.55,"","",""
"3","NLA06608-0002",2007,2,"YES","7/23/2007",0.45,"","",""
"4","NLA06608-0003",2007,1,"YES","8/29/2007",0.71,"","",""
"5","NLA06608-0003",2007,2,"YES","9/6/2007",0.49,"","",""
"6","NLA06608-0004",2007,1,"YES","7/10/2007",1.8,"","",""
"7","NLA06608-0004",2007,2,"YES","9/11/2007",1,"","",""
"8","NLA06608-0005",2007,1,"YES, CLEAR TO BOTTOM","7/18/2007",NA,"Y","",""
"9","NLA06608-0005",2007,2,"YES, CLEAR TO BOTTOM","8/22/2007",NA,"Y","",""
"10","NLA06608-0006",2007,1,"YES","7/17/2007",3.21,"","","10.6 FT FOR BOTH"
"11","NLA06608-0006",2007,2,"YES","8/30/2007",4.1,"","",""
"12","NLA06608-0007",2007,1,"YES","7/24/2007",3.15,"","",""
"13","NLA06608-0007",2007,2,"YES","9/6/2007",3.35,"","",""
"14","NLA06608-0008",2007,1,"YES","7/12/2007",0.79,"","",""
"15","NLA06608-0008",2007,2,"YES","8/22/2007",0.41,"","",""
"16","NLA06608-0010",2007,1,"YES","7/17/2007",4.48,"","",""
"17","NLA06608-0010",2007,2,"YES","8/18/2007",2.6,"","",""
"18","NLA06608-0012",2007,1,"YES","6/13/2007",0.31,"","",""
"19","NLA06608-0012",2007,2,"YES","9/18/2007",0.27,"","",""
"20","NLA06608-0013",2007,1,"YES","9/4/2007",0.65,"","",""
"21","NLA06608-0013",2007,2,"YES","9/14/2007",1.05,"","",""
"22","NLA06608-0014",2007,1,"YES","8/6/2007",0.85,"","",""
"23","NLA06608-0014",2007,2,"YES","8/23/2007",0.63,"","",""
"24","NLA06608-0015",2007,1,"YES","7/10/2007",0.37,"","",""
"25","NLA06608-0015",2007,2,"YES","8/29/2007",0.38,"","",""
"26","NLA06608-0016",2007,1,"YES","6/27/2007",0.54,"","",""
"27","NLA06608-0016",2007,2,"YES","7/11/2007",0.5,"","",""
"28","NLA06608-0019",2007,1,"YES","6/11/2007",0.35,"","","VERY STIRRED"
"29","NLA06608-0019",2007,2,"YES","8/7/2007",0.55,"","",""
"30","NLA06608-0020",2007,1,"YES","6/11/2007",0.69,"","",""
"31","NLA06608-0020",2007,2,"YES","7/2/2007",1.07,"","",""
"32","NLA06608-0021",2007,1,"YES","7/27/2007",7.1,"","",""
"33","NLA06608-0021",2007,2,"YES","8/30/2007",4.75,"","",""
"34","NLA06608-0023",2007,1,"YES","8/9/2007",0.95,"","",""
"35","NLA06608-0023",2007,2,"YES","9/19/2007",1.3,"","",""
"36","NLA06608-0024",2007,1,"YES","7/11/2007",0.9,"","",""
"37","NLA06608-0024",2007,2,"YES","8/14/2007",1.08,"","",""
"38","NLA06608-0025",2007,1,"YES","6/18/2007",3.55,"","",""
"39","NLA06608-0025",2007,2,"YES","7/18/2007",3.45,"","",""
"40","NLA06608-0029",2007,1,"YES","7/2/2007",0.27,"","",""
"41","NLA06608-0029",2007,2,"YES","9/11/2007",0.25,"","",""
"42","NLA06608-0031",2007,1,"YES","6/13/2007",0.98,"","",""
"43","NLA06608-0031",2007,2,"YES","9/5/2007",0.9,"","",""
"44","NLA06608-0033",2007,1,"YES","7/17/2007",0.7,"","","SAMPLED 1M DOWN TO AVOID SEDIMENT"
"45","NLA06608-0033",2007,2,"YES","8/28/2007",0.95,"","",""
"46","NLA06608-0036",2007,1,"YES","7/12/2007",2.23,"","",""
"47","NLA06608-0036",2007,2,"YES","7/16/2007",2.67,"","",""
"48","NLA06608-0037",2007,1,"YES","7/13/2007",2.9,"","",""
"49","NLA06608-0037",2007,2,"YES","9/5/2007",4.1,"","",""
"50","NLA06608-0038",2007,1,"YES","7/12/2007",4.45,"","",""
"51","NLA06608-0038",2007,2,"YES","8/27/2007",5.95,"","",""
"52","NLA06608-0041",2007,1,"YES","6/12/2007",9.48,"","",""
"53","NLA06608-0041",2007,2,"YES","7/11/2007",7.15,"","",""
"54","NLA06608-0042",2007,1,"YES","6/22/2007",3.38,"","",""
"55","NLA06608-0042",2007,2,"YES","7/6/2007",4.8,"","",""
"56","NLA06608-0043",2007,1,"YES","7/31/2007",1.85,"","",""
"57","NLA06608-0043",2007,2,"YES","8/15/2007",1.45,"","",""
"58","NLA06608-0044",2007,1,"YES","7/18/2007",0.12,"","",""
"59","NLA06608-0044",2007,2,"YES","7/30/2007",0.1,"","",""
"60","NLA06608-0045",2007,1,"YES","6/26/2007",0.86,"","",""
"61","NLA06608-0045",2007,2,"YES","8/2/2007",0.96,"","",""
"62","NLA06608-0048",2007,1,"YES","8/2/2007",0.28,"","",""
"63","NLA06608-0048",2007,2,"YES","9/18/2007",0.48,"","",""
"64","NLA06608-0049",2007,1,"YES","8/15/2007",2.53,"","",""
"65","NLA06608-0050",2007,1,"YES","7/2/2007",1.5,"","",""
"66","NLA06608-0050",2007,2,"YES","8/30/2007",1.1,"","",""
"67","NLA06608-0053",2007,1,"YES","8/23/2007",0.85,"","",""
"68","NLA06608-0053",2007,2,"YES","9/27/2007",1.05,"","",""
"69","NLA06608-0057",2007,1,"YES","6/16/2007",0.5,"","",""
"70","NLA06608-0057",2007,2,"YES","7/14/2007",0.35,"","",""
"71","NLA06608-0061",2007,1,"YES","6/12/2007",2,"","",""
"72","NLA06608-0061",2007,2,"YES","8/22/2007",1.63,"","",""
"73","NLA06608-0062",2007,1,"YES","8/9/2007",1.16,"","",""
"74","NLA06608-0062",2007,2,"YES","8/27/2007",2,"","",""
"75","NLA06608-0064",2007,1,"YES","6/18/2007",0.46,"","",""
"76","NLA06608-0064",2007,2,"YES","8/26/2007",0.28,"","",""
"77","NLA06608-0065",2007,1,"YES","7/17/2007",7.02,"","",""
"78","NLA06608-0065",2007,2,"YES","9/12/2007",5.8,"","",""
"79","NLA06608-0066",2007,1,"YES","6/12/2007",2.75,"","",""
"80","NLA06608-0066",2007,2,"YES","9/18/2007",2.55,"","",""
"81","NLA06608-0068",2007,1,"YES","7/9/2007",3.8,"","",""
"82","NLA06608-0068",2007,2,"YES","9/12/2007",10.8,"","",""
"83","NLA06608-0069",2007,1,"YES","7/18/2007",0.65,"","",""
"84","NLA06608-0069",2007,2,"YES","9/26/2007",0.55,"","",""
"85","NLA06608-0071",2007,1,"YES","9/6/2007",0.38,"","",""
"86","NLA06608-0071",2007,2,"YES","9/8/2007",0.38,"","",""
"87","NLA06608-0072",2007,1,"YES","7/26/2007",0.68,"","",""
"88","NLA06608-0072",2007,2,"YES","8/15/2007",0.35,"","",""
"89","NLA06608-0073",2007,1,"YES","6/12/2007",13.45,"","",""
"90","NLA06608-0073",2007,2,"YES","7/18/2007",6.95,"","",""
"91","NLA06608-0076",2007,1,"YES","7/27/2007",1.26,"","",""
"92","NLA06608-0076",2007,2,"YES","9/4/2007",0.64,"","",""
"93","NLA06608-0077",2007,1,"NO, EQUIPMENT FAILURE","9/8/2007",NA,"","","USED PLANKTON NET AS SECCHI=0.55m; not valid measure"
"94","NLA06608-0077",2007,2,"YES","9/13/2007",0.45,"","",""
"95","NLA06608-0078",2007,1,"YES","8/8/2007",0.75,"","",""
"96","NLA06608-0078",2007,2,"YES","8/21/2007",0.59,"","",""
"97","NLA06608-0079",2007,1,"YES","7/12/2007",6.85,"","",""
"98","NLA06608-0079",2007,2,"YES","8/16/2007",6.85,"","",""
"99","NLA06608-0080",2007,1,"YES","9/9/2007",0.51,"","",""
"100","NLA06608-0080",2007,2,"YES","9/10/2007",0.46,"","",""
"101","NLA06608-0081",2007,1,"YES","7/3/2007",5.74,"","",""
"102","NLA06608-0081",2007,2,"YES","9/19/2007",2.15,"","",""
"103","NLA06608-0083",2007,1,"YES, CLEAR TO BOTTOM","6/13/2007",NA,"Y",""," -ATH:Clear to Bottom Secchi numbers set to missing"
"104","NLA06608-0083",2007,2,"YES, CLEAR TO BOTTOM","8/9/2007",NA,"Y","","CLEAR TO BOTTOM-ATH:Clear to Bottom Secchi numbers set to missing"
"105","NLA06608-0085",2007,1,"YES","7/10/2007",0.1,"","",""
"106","NLA06608-0085",2007,2,"YES","8/20/2007",0.15,"","",""
"107","NLA06608-0086",2007,1,"YES","8/2/2007",2.07,"","",""
"108","NLA06608-0086",2007,2,"YES","9/20/2007",0.97,"","",""
"109","NLA06608-0089",2007,1,"YES","6/17/2007",1.35,"","",""
"110","NLA06608-0089",2007,2,"YES","7/17/2007",1.1,"","",""
"111","NLA06608-0090",2007,1,"YES","6/26/2007",4.15,"","","LAKE IS 7.9 METERS DEEP"
"112","NLA06608-0090",2007,2,"YES","7/25/2007",4.43,"","","LAKE IS 6.6 M DEEP"
"113","NLA06608-0091",2007,1,"YES","7/10/2007",0.31,"","",""
"114","NLA06608-0091",2007,2,"YES","8/13/2007",0.23,"","",""
"115","NLA06608-0099",2007,1,"YES","7/3/2007",1.95,"","",""
"116","NLA06608-0099",2007,2,"YES","9/5/2007",3.75,"","",""
"117","NLA06608-0101",2007,1,"YES","8/21/2007",9.6,"","",""
"118","NLA06608-0102",2007,1,"YES","8/3/2007",4.37,"","",""
"119","NLA06608-0104",2007,1,"YES","6/22/2007",0.23,"","",""
"120","NLA06608-0104",2007,2,"YES","7/24/2007",0.4,"","",""
"121","NLA06608-0105",2007,1,"YES","7/5/2007",1.4,"","",""
"122","NLA06608-0105",2007,2,"YES","9/12/2007",0.28,"","",""
"123","NLA06608-0107",2007,1,"YES, CLEAR TO BOTTOM","6/25/2007",NA,"Y","",""
"124","NLA06608-0110",2007,1,"YES","7/31/2007",3.85,"","",""
"125","NLA06608-0111",2007,1,"YES","8/1/2007",1.68,"","",""
"126","NLA06608-0112",2007,1,"YES","7/9/2007",0.51,"","",""
"127","NLA06608-0113",2007,1,"YES","7/16/2007",2.3,"","",""
"128","NLA06608-0115",2007,1,"YES","7/18/2007",2.6,"","",""
"129","NLA06608-0116",2007,1,"YES","6/28/2007",1.43,"","",""
"130","NLA06608-0120",2007,1,"YES","6/18/2007",0.18,"","",""
"131","NLA06608-0120",2007,2,"YES","9/26/2007",0.5,"","U","COMMENTS ON LAKE ASSESSMENT: made own secchi disk, -ATH: OK"
"132","NLA06608-0124",2007,1,"YES","7/19/2007",0.2,"","",""
"133","NLA06608-0126",2007,1,"YES","6/21/2007",0.17,"","",""
"134","NLA06608-0126",2007,2,"YES","8/28/2007",0.15,"","",""
"135","NLA06608-0127",2007,1,"YES","7/11/2007",2.2,"","",""
"136","NLA06608-0128",2007,1,"YES","6/21/2007",0.85,"","",""
"137","NLA06608-0128",2007,2,"YES","8/25/2007",0.34,"","",""
"138","NLA06608-0129",2007,1,"YES","7/21/2007",9.11,"","",""
"139","NLA06608-0129",2007,2,"YES","9/16/2007",5,"","",""
"140","NLA06608-0130",2007,1,"YES","8/13/2007",1.63,"","",""
"141","NLA06608-0132",2007,1,"YES","8/28/2007",1.35,"","",""
"142","NLA06608-0134",2007,1,"YES","7/24/2007",7.6,"","",""
"143","NLA06608-0137",2007,1,"YES","9/17/2007",9.9,"","",""
"144","NLA06608-0139",2007,1,"YES","7/11/2007",1.35,"","",""
"145","NLA06608-0140",2007,1,"YES","6/20/2007",0.53,"","",""
"146","NLA06608-0141",2007,1,"YES","8/23/2007",0.52,"","",""
"147","NLA06608-0142",2007,1,"YES","8/13/2007",4.7,"","",""
"148","NLA06608-0144",2007,1,"YES","8/2/2007",0.96,"","",""
"149","NLA06608-0144",2007,2,"YES","9/13/2007",0.5,"","",""
"150","NLA06608-0148",2007,1,"YES","7/26/2007",2.8,"","",""
"151","NLA06608-0149",2007,1,"YES","7/18/2007",2.3,"","","SLIGHT BREEZE BREAKING VISIBILITY"
"152","NLA06608-0150",2007,1,"YES","8/2/2007",1.97,"","","SCOPE MEASUREMENTS LOST"
"153","NLA06608-0152",2007,1,"YES","7/17/2007",1.2,"","",""
"154","NLA06608-0153",2007,1,"YES","8/30/2007",1.68,"","",""
"155","NLA06608-0155",2007,1,"YES","7/31/2007",0.87,"","",""
"156","NLA06608-0158",2007,1,"YES","9/5/2007",5.58,"","",""
"157","NLA06608-0161",2007,1,"YES","8/15/2007",0.65,"","",""
"158","NLA06608-0162",2007,1,"YES","8/28/2007",2.15,"","",""
"159","NLA06608-0167",2007,1,"YES","7/23/2007",0.1,"","",""
"160","NLA06608-0167",2007,2,"YES","8/29/2007",0.1,"","",""
"161","NLA06608-0168",2007,1,"YES","6/13/2007",0.4,"","",""
"162","NLA06608-0169",2007,1,"YES","7/5/2007",5.35,"","",""
"163","NLA06608-0169",2007,2,"YES","9/13/2007",1.65,"","",""
"164","NLA06608-0170",2007,1,"YES, CLEAR TO BOTTOM","9/21/2007",NA,"Y","",""
"165","NLA06608-0173",2007,1,"YES","7/11/2007",0.22,"","",""
"166","NLA06608-0174",2007,1,"YES","7/25/2007",1.7,"","",""
"167","NLA06608-0174",2007,2,"YES","8/28/2007",2.1,"","",""
"168","NLA06608-0175",2007,1,"YES","8/30/2007",0.91,"","",""
"169","NLA06608-0176",2007,1,"YES","9/7/2007",0.29,"","",""
"170","NLA06608-0177",2007,1,"YES","8/22/2007",2.75,"","",""
"171","NLA06608-0179",2007,1,"YES","6/4/2007",0.57,"","",""
"172","NLA06608-0179",2007,2,"YES","8/29/2007",0.4,"","",""
"173","NLA06608-0180",2007,1,"YES","8/29/2007",0.24,"","",""
"174","NLA06608-0181",2007,1,"YES","9/20/2007",7,"","",""
"175","NLA06608-0183",2007,1,"YES","7/25/2007",1.1,"","",""
"176","NLA06608-0184",2007,1,"YES","6/15/2007",0.35,"","",""
"177","NLA06608-0185",2007,1,"YES, CLEAR TO BOTTOM","8/14/2007",NA,"Y","","SECCHI TO BOTTOM 2.45M"
"178","NLA06608-0189",2007,1,"YES","6/11/2007",0.38,"","",""
"179","NLA06608-0189",2007,2,"YES","7/10/2007",0.58,"","",""
"180","NLA06608-0190",2007,1,"YES","8/14/2007",2.45,"","",""
"181","NLA06608-0191",2007,1,"YES","7/21/2007",6.9,"","",""
"182","NLA06608-0193",2007,1,"YES, CLEAR TO BOTTOM","7/11/2007",NA,"Y","",""
"183","NLA06608-0195",2007,1,"YES","6/12/2007",0.83,"","",""
"184","NLA06608-0196",2007,1,"YES","6/21/2007",0.83,"","",""
"185","NLA06608-0198",2007,1,"YES","7/24/2007",2.1,"","",""
"186","NLA06608-0201",2007,1,"YES","9/18/2007",7.75,"","",""
"187","NLA06608-0203",2007,1,"YES","8/2/2007",4.48,"","",""
"188","NLA06608-0204",2007,1,"YES","9/12/2007",0.4,"","",""
"189","NLA06608-0207",2007,1,"YES","7/18/2007",2.1,"","",""
"190","NLA06608-0207",2007,2,"YES","9/5/2007",1.7,"","",""
"191","NLA06608-0208",2007,1,"YES","9/6/2007",0.28,"","",""
"192","NLA06608-0209",2007,1,"YES","7/19/2007",7.1,"","",""
"193","NLA06608-0209",2007,2,"YES","9/27/2007",4.62,"","",""
"194","NLA06608-0211",2007,1,"YES, CLEAR TO BOTTOM","8/7/2007",NA,"Y","","VEGETATION DOES OBSCURE-ATH:Clear to Bottom Secchi numbers set to missing"
"195","NLA06608-0212",2007,1,"YES","7/12/2007",2.1,"","",""
"196","NLA06608-0215",2007,1,"YES","8/22/2007",0.68,"","",""
"197","NLA06608-0216",2007,1,"YES","7/6/2007",0.35,"","",""
"198","NLA06608-0217",2007,1,"YES","6/24/2007",1.13,"","",""
"199","NLA06608-0219",2007,1,"YES","8/1/2007",0.35,"","",""
"200","NLA06608-0220",2007,1,"YES","8/2/2007",0.1,"","",""
"201","NLA06608-0221",2007,1,"YES","6/28/2007",0.72,"","",""
"202","NLA06608-0222",2007,1,"YES","6/27/2007",0.48,"","",""
"203","NLA06608-0223",2007,1,"YES","6/27/2007",1.38,"","",""
"204","NLA06608-0223",2007,2,"YES","8/29/2007",0.65,"","",""
"205","NLA06608-0224",2007,1,"YES","7/19/2007",1.93,"","",""
"206","NLA06608-0224",2007,2,"YES","9/23/2007",2.86,"","",""
"207","NLA06608-0225",2007,1,"YES","7/11/2007",4.3,"","",""
"208","NLA06608-0225",2007,2,"YES","8/24/2007",1.85,"","",""
"209","NLA06608-0226",2007,1,"YES","7/9/2007",2.43,"","",""
"210","NLA06608-0228",2007,1,"YES","6/26/2007",4.4,"","",""
"211","NLA06608-0228",2007,2,"YES","8/6/2007",0.65,"","",""
"212","NLA06608-0229",2007,1,"YES","9/13/2007",3,"","",""
"213","NLA06608-0234",2007,1,"YES","8/23/2007",3.3,"","",""
"214","NLA06608-0235",2007,1,"YES","7/16/2007",1.65,"","",""
"215","NLA06608-0237",2007,1,"YES, CLEAR TO BOTTOM","6/26/2007",NA,"Y","",""
"216","NLA06608-0237",2007,2,"YES, CLEAR TO BOTTOM","7/17/2007",NA,"Y","",""
"217","NLA06608-0238",2007,1,"YES","7/11/2007",3.9,"","",""
"218","NLA06608-0239",2007,1,"YES","7/24/2007",1.9,"","",""
"219","NLA06608-0240",2007,1,"YES","7/25/2007",3.05,"","",""
"220","NLA06608-0241",2007,1,"YES","8/15/2007",0.35,"","",""
"221","NLA06608-0242",2007,1,"YES","8/2/2007",2.6,"","",""
"222","NLA06608-0243",2007,1,"YES","7/18/2007",3.89,"","",""
"223","NLA06608-0244",2007,1,"YES","6/20/2007",1.03,"","",""
"224","NLA06608-0245",2007,1,"YES","7/24/2007",5.15,"","",""
"225","NLA06608-0247",2007,1,"YES","7/17/2007",1.19,"","",""
"226","NLA06608-0253",2007,1,"YES","8/8/2007",0.83,"","",""
"227","NLA06608-0254",2007,1,"YES","6/21/2007",0.6,"","",""
"228","NLA06608-0255",2007,1,"YES","8/7/2007",3.63,"","",""
"229","NLA06608-0257",2007,1,"YES","7/18/2007",4.65,"","",""
"230","NLA06608-0259",2007,1,"YES","6/14/2007",0.55,"","",""
"231","NLA06608-0260",2007,1,"YES","8/30/2007",3.7,"","",""
"232","NLA06608-0268",2007,1,"YES","9/10/2007",1.05,"","",""
"233","NLA06608-0271",2007,1,"YES","6/27/2007",0.38,"","U","DUE TO CHOPPY WAVES AT INDEX LOCATION SECCHI TAKEN IN CANAL NEAR LAUNCH"
"234","NLA06608-0275",2007,1,"YES","6/21/2007",0.75,"","",""
"235","NLA06608-0276",2007,1,"YES","8/7/2007",7.4,"","",""
"236","NLA06608-0277",2007,1,"YES","7/20/2007",0.55,"","",""
"237","NLA06608-0279",2007,1,"YES","8/8/2007",0.25,"","",""
"238","NLA06608-0280",2007,1,"YES","7/25/2007",0.98,"","",""
"239","NLA06608-0281",2007,1,"YES","6/20/2007",0.73,"","",""
"240","NLA06608-0283",2007,1,"YES","7/9/2007",0.54,"","",""
"241","NLA06608-0284",2007,1,"YES","7/30/2007",0.46,"","",""
"242","NLA06608-0285",2007,1,"YES","7/24/2007",0.55,"","",""
"243","NLA06608-0286",2007,1,"YES","8/8/2007",5.42,"","",""
"244","NLA06608-0290",2007,1,"YES","7/11/2007",0.45,"","",""
"245","NLA06608-0290",2007,2,"YES","9/10/2007",0.1,"","",""
"246","NLA06608-0291",2007,1,"YES","7/11/2007",3.65,"","",""
"247","NLA06608-0293",2007,1,"YES","7/25/2007",1.2,"","",""
"248","NLA06608-0294",2007,1,"YES","6/26/2007",5.05,"","",""
"249","NLA06608-0295",2007,1,"YES","6/26/2007",0.67,"","",""
"250","NLA06608-0297",2007,1,"YES","7/24/2007",1.13,"","",""
"251","NLA06608-0299",2007,1,"YES","7/30/2007",2.85,"","",""
"252","NLA06608-0302",2007,1,"YES","6/23/2007",0.22,"","",""
"253","NLA06608-0303",2007,1,"YES","8/7/2007",0.63,"","",""
"254","NLA06608-0306",2007,1,"YES","7/16/2007",0.15,"","",""
"255","NLA06608-0312",2007,1,"YES","7/16/2007",0.9,"","",""
"256","NLA06608-0313",2007,1,"YES","7/13/2007",0.73,"","",""
"257","NLA06608-0318",2007,1,"YES","7/20/2007",1.65,"","",""
"258","NLA06608-0319",2007,1,"YES","7/22/2007",1.45,"","",""
"259","NLA06608-0324",2007,1,"YES","8/8/2007",1.5,"","",""
"260","NLA06608-0325",2007,1,"YES","7/17/2007",0.55,"","",""
"261","NLA06608-0326",2007,1,"YES","8/16/2007",4.25,"","",""
"262","NLA06608-0327",2007,1,"YES","6/27/2007",0.31,"","",""
"263","NLA06608-0328",2007,1,"YES","8/25/2007",0.53,"","",""
"264","NLA06608-0328",2007,2,"YES","9/15/2007",0.43,"","",""
"265","NLA06608-0330",2007,1,"YES","9/5/2007",3.95,"","",""
"266","NLA06608-0332",2007,1,"YES","9/4/2007",1.93,"","",""
"267","NLA06608-0333",2007,1,"YES","7/24/2007",2.5,"","",""
"268","NLA06608-0334",2007,1,"YES","6/27/2007",1.63,"","",""
"269","NLA06608-0337",2007,1,"YES","7/12/2007",3.03,"","",""
"270","NLA06608-0339",2007,1,"YES","6/25/2007",1.95,"","",""
"271","NLA06608-0340",2007,1,"YES","6/21/2007",1.87,"","",""
"272","NLA06608-0341",2007,1,"YES","9/18/2007",3.65,"","",""
"273","NLA06608-0343",2007,1,"YES","8/21/2007",1.36,"","",""
"274","NLA06608-0344",2007,1,"YES","7/5/2007",1,"","",""
"275","NLA06608-0345",2007,1,"YES","6/21/2007",2.45,"","",""
"276","NLA06608-0350",2007,1,"YES","8/9/2007",1.15,"","",""
"277","NLA06608-0354",2007,1,"YES, CLEAR TO BOTTOM","7/19/2007",NA,"Y",""," -ATH:Clear to Bottom Secchi numbers set to missing"
"278","NLA06608-0356",2007,1,"YES","7/16/2007",1.85,"","",""
"279","NLA06608-0357",2007,1,"YES","7/27/2007",1.78,"","",""
"280","NLA06608-0358",2007,1,"YES","7/17/2007",2.23,"","","."
"281","NLA06608-0359",2007,1,"YES","7/10/2007",0.3,"","",""
"282","NLA06608-0361",2007,1,"YES","7/15/2007",1.98,"","",""
"283","NLA06608-0363",2007,1,"YES","7/21/2007",1.7,"","",""
"284","NLA06608-0366",2007,1,"YES","7/31/2007",2.55,"","",""
"285","NLA06608-0367",2007,1,"YES","8/23/2007",0.29,"","","-ATH: field form numbers in cm converted to m"
"286","NLA06608-0369",2007,1,"YES","7/26/2007",6,"","",""
"287","NLA06608-0372",2007,1,"YES","8/3/2007",5.4,"","",""
"288","NLA06608-0373",2007,1,"YES","7/12/2007",7.74,"","",""
"289","NLA06608-0376",2007,1,"YES","8/22/2007",1.73,"","",""
"290","NLA06608-0377",2007,1,"YES","7/12/2007",0.55,"","",""
"291","NLA06608-0378",2007,1,"YES","6/26/2007",3,"","",""
"292","NLA06608-0384",2007,1,"YES, CLEAR TO BOTTOM","6/28/2007",NA,"Y","","CLEAR TO BOTTOM-ATH:Clear to Bottom Secchi numbers set to missing"
"293","NLA06608-0385",2007,1,"YES, CLEAR TO BOTTOM","7/6/2007",NA,"Y","",""
"294","NLA06608-0386",2007,1,"YES","8/7/2007",6.8,"","",""
"295","NLA06608-0388",2007,1,"YES","8/16/2007",3.48,"","",""
"296","NLA06608-0388",2007,2,"YES","8/26/2007",4.5,"","",""
"297","NLA06608-0393",2007,1,"YES","7/23/2007",2.74,"","",""
"298","NLA06608-0395",2007,1,"YES","6/27/2007",0.68,"","",""
"299","NLA06608-0399",2007,1,"YES","7/16/2007",2.27,"","",""
"300","NLA06608-0401",2007,1,"YES","8/27/2007",1.87,"","","SECCHI WITH SCOPE MEASUREMENTS:DISAPPEARS--2.28, APPEARS--2.09."
"301","NLA06608-0402",2007,1,"YES","6/26/2007",0.82,"","",""
"302","NLA06608-0402",2007,2,"YES","9/6/2007",1.84,"","",""
"303","NLA06608-0403",2007,1,"YES","8/6/2007",2.05,"","",""
"304","NLA06608-0405",2007,1,"YES","8/30/2007",2.55,"","",""
"305","NLA06608-0406",2007,1,"NOT DONE","8/21/2007",NA,"","K","DID NOT RECORD SECCHI AT THE SITE"
"306","NLA06608-0407",2007,1,"YES","7/23/2007",2.47,"","",""
"307","NLA06608-0408",2007,1,"YES","6/20/2007",1.17,"","",""
"308","NLA06608-0413",2007,1,"YES","6/27/2007",0.95,"","",""
"309","NLA06608-0414",2007,1,"YES","7/31/2007",0.9,"","",""
"310","NLA06608-0418",2007,1,"YES, CLEAR TO BOTTOM","7/19/2007",NA,"Y",""," -ATH:Clear to Bottom Secchi numbers set to missing"
"311","NLA06608-0421",2007,1,"YES","6/28/2007",2.9,"","",""
"312","NLA06608-0425",2007,1,"YES","8/1/2007",1.43,"","",""
"313","NLA06608-0426",2007,1,"YES","9/17/2007",3.6,"","",""
"314","NLA06608-0432",2007,1,"YES","7/16/2007",0.31,"","",""
"315","NLA06608-0433",2007,1,"YES","8/9/2007",5.05,"","",""
"316","NLA06608-0435",2007,1,"YES","7/23/2007",0.8,"","",""
"317","NLA06608-0436",2007,1,"YES","9/5/2007",1.52,"","",""
"318","NLA06608-0439",2007,1,"YES","6/27/2007",0.1,"","",""
"319","NLA06608-0440",2007,1,"YES","8/8/2007",0.64,"","",""
"320","NLA06608-0442",2007,1,"YES","8/14/2007",0.76,"","",""
"321","NLA06608-0444",2007,1,"NOT DONE","7/12/2007",NA,"","",""
"322","NLA06608-0445",2007,1,"YES","6/28/2007",1.47,"","",""
"323","NLA06608-0447",2007,1,"YES","8/25/2007",4.5,"","",""
"324","NLA06608-0449",2007,1,"YES","7/26/2007",1.95,"","",""
"325","NLA06608-0452",2007,1,"YES","6/15/2007",1.21,"","",""
"326","NLA06608-0453",2007,1,"YES","7/31/2007",0.75,"","",""
"327","NLA06608-0454",2007,1,"YES, CLEAR TO BOTTOM","7/25/2007",NA,"Y","",""
"328","NLA06608-0456",2007,1,"YES","8/9/2007",1.1,"","",""
"329","NLA06608-0458",2007,1,"YES","7/25/2007",1.15,"","",""
"330","NLA06608-0459",2007,1,"YES","7/16/2007",2.63,"","",""
"331","NLA06608-0462",2007,1,"YES","8/20/2007",7.95,"","",""
"332","NLA06608-0463",2007,1,"YES","8/19/2007",0.58,"","",""
"333","NLA06608-0467",2007,1,"YES","7/9/2007",1.1,"","",""
"334","NLA06608-0468",2007,1,"YES","8/1/2007",7.1,"","",""
"335","NLA06608-0469",2007,1,"YES","8/29/2007",4,"","",""
"336","NLA06608-0470",2007,1,"YES","7/24/2007",5.75,"","",""
"337","NLA06608-0471",2007,1,"YES","6/25/2007",1.77,"","",""
"338","NLA06608-0472",2007,1,"YES","7/16/2007",0.39,"","",""
"339","NLA06608-0473",2007,1,"YES","6/19/2007",1.03,"","",""
"340","NLA06608-0479",2007,1,"YES","8/16/2007",2.92,"","",""
"341","NLA06608-0480",2007,1,"YES","8/24/2007",5.21,"","",""
"342","NLA06608-0480",2007,2,"YES","9/25/2007",6.09,"","",""
"343","NLA06608-0483",2007,1,"YES","7/11/2007",4.32,"","",""
"344","NLA06608-0484",2007,1,"YES","7/12/2007",0.28,"","",""
"345","NLA06608-0488",2007,1,"YES","7/19/2007",0.45,"","",""
"346","NLA06608-0489",2007,1,"YES","7/10/2007",0.5,"","",""
"347","NLA06608-0491",2007,1,"YES, CLEAR TO BOTTOM","7/17/2007",NA,"Y","",""
"348","NLA06608-0493",2007,1,"YES","7/11/2007",1.52,"","",""
"349","NLA06608-0494",2007,1,"YES","7/11/2007",1.65,"","",""
"350","NLA06608-0495",2007,1,"YES","9/5/2007",4.68,"","",""
"351","NLA06608-0496",2007,1,"YES, CLEAR TO BOTTOM","6/23/2007",NA,"Y",""," -ATH:Clear to Bottom Secchi numbers set to missing"
"352","NLA06608-0497",2007,1,"YES","8/17/2007",1.42,"","",""
"353","NLA06608-0498",2007,1,"YES","7/31/2007",1.05,"","",""
"354","NLA06608-0500",2007,1,"YES","9/14/2007",1.55,"","",""
"355","NLA06608-0501",2007,1,"YES","7/24/2007",5.95,"","",""
"356","NLA06608-0502",2007,1,"YES","8/18/2007",3.83,"","",""
"357","NLA06608-0503",2007,1,"YES","8/1/2007",0.14,"","",""
"358","NLA06608-0508",2007,1,"YES","7/10/2007",0.26,"","",""
"359","NLA06608-0509",2007,1,"YES","6/20/2007",5.5,"","",""
"360","NLA06608-0510",2007,1,"YES","6/27/2007",0.48,"","",""
"361","NLA06608-0511",2007,1,"YES","9/6/2007",1.7,"","",""
"362","NLA06608-0512",2007,1,"YES","8/13/2007",0.71,"","",""
"363","NLA06608-0514",2007,1,"YES","7/24/2007",3.05,"","",""
"364","NLA06608-0515",2007,1,"YES","6/28/2007",0.84,"","",""
"365","NLA06608-0523",2007,1,"YES","7/16/2007",1.25,"","",""
"366","NLA06608-0526",2007,1,"YES","7/18/2007",1.55,"","",""
"367","NLA06608-0528",2007,1,"YES","6/28/2007",0.7,"","",""
"368","NLA06608-0529",2007,1,"YES","9/4/2007",1.93,"","",""
"369","NLA06608-0530",2007,1,"YES","8/7/2007",1.05,"","",""
"370","NLA06608-0531",2007,1,"YES","7/11/2007",1.15,"","",""
"371","NLA06608-0533",2007,1,"YES","7/18/2007",3.8,"","",""
"372","NLA06608-0537",2007,1,"YES","6/6/2007",1.78,"","",""
"373","NLA06608-0540",2007,1,"YES","8/27/2007",0.21,"","",""
"374","NLA06608-0541",2007,1,"YES","7/12/2007",1.6,"","",""
"375","NLA06608-0542",2007,1,"YES, CLEAR TO BOTTOM","8/30/2007",NA,"Y","",""
"376","NLA06608-0546",2007,1,"YES","7/18/2007",1.98,"","",""
"377","NLA06608-0547",2007,1,"YES","7/31/2007",3.6,"","","LOCALS SAID THAT ZEBRA MUSSELS HAVE REALLY CLEANED UP THE LAKE"
"378","NLA06608-0550",2007,1,"YES","8/1/2007",5.95,"","",""
"379","NLA06608-0551",2007,1,"YES","8/20/2007",1.75,"","",""
"380","NLA06608-0555",2007,1,"YES","7/23/2007",2.03,"","",""
"381","NLA06608-0558",2007,1,"YES","8/9/2007",2.4,"","",""
"382","NLA06608-0560",2007,1,"YES","9/12/2007",0.8,"","",""
"383","NLA06608-0561",2007,1,"YES","8/9/2007",7.05,"","",""
"384","NLA06608-0562",2007,1,"YES","7/13/2007",2.78,"","",""
"385","NLA06608-0562",2007,2,"YES","8/21/2007",2.34,"","",""
"386","NLA06608-0564",2007,1,"YES","8/22/2007",2.42,"","",""
"387","NLA06608-0565",2007,1,"YES","7/19/2007",0.76,"","",""
"388","NLA06608-0569",2007,1,"YES","8/7/2007",0.43,"","U","DISAPPEARED IN SAV"
"389","NLA06608-0570",2007,1,"YES","7/27/2007",5.06,"","",""
"390","NLA06608-0579",2007,1,"YES","8/19/2007",0.14,"","",""
"391","NLA06608-0580",2007,1,"YES","8/7/2007",4.75,"","",""
"392","NLA06608-0581",2007,1,"YES","7/3/2007",6.6,"","",""
"393","NLA06608-0582",2007,1,"YES","7/19/2007",1.5,"","",""
"394","NLA06608-0583",2007,1,"YES","6/26/2007",0.28,"","",""
"395","NLA06608-0585",2007,1,"YES","6/15/2007",0.24,"","",""
"396","NLA06608-0587",2007,1,"YES","7/9/2007",1.09,"","",""
"397","NLA06608-0587",2007,2,"YES","8/14/2007",0.75,"","",""
"398","NLA06608-0588",2007,1,"YES","7/13/2007",0.09,"","","SAMPLES TAKEN 7/23/2007."
"399","NLA06608-0590",2007,1,"YES","8/7/2007",2.75,"","",""
"400","NLA06608-0591",2007,1,"YES","8/21/2007",2.1,"","",""
"401","NLA06608-0593",2007,1,"YES","7/10/2007",4.91,"","",""
"402","NLA06608-0594",2007,1,"YES","8/9/2007",0.88,"","",""
"403","NLA06608-0595",2007,1,"YES","6/12/2007",0.27,"","",""
"404","NLA06608-0596",2007,1,"YES","7/30/2007",5.55,"","",""
"405","NLA06608-0597",2007,1,"YES","7/9/2007",1.26,"","",""
"406","NLA06608-0599",2007,1,"YES","7/19/2007",0.64,"","",""
"407","NLA06608-0606",2007,1,"YES","8/8/2007",1.55,"","",""
"408","NLA06608-0608",2007,1,"YES","9/18/2007",0.42,"","",""
"409","NLA06608-0609",2007,1,"YES","7/25/2007",0.23,"","",""
"410","NLA06608-0610",2007,1,"YES","8/2/2007",2.6,"","",""
"411","NLA06608-0611",2007,1,"YES","7/2/2007",1.45,"","",""
"412","NLA06608-0614",2007,1,"YES","6/27/2007",4.97,"","",""
"413","NLA06608-0616",2007,1,"NO, EQUIPMENT FAILURE","7/25/2007",NA,"","K","CHAIN ON SECCHI ONLY 2M LONG. IM: TEAM PLACED A > SYMBOL BEFORE SECCHI DISK DISAPPEARS AND SECCHI DISK REAPPEARS AND ZONE DEPTH NUMBERS."
"414","NLA06608-0617",2007,1,"YES","6/19/2007",0.93,"","",""
"415","NLA06608-0618",2007,1,"YES","7/24/2007",0.98,"","",""
"416","NLA06608-0619",2007,1,"YES","7/18/2007",2.35,"","",""
"417","NLA06608-0622",2007,1,"YES","7/24/2007",1.4,"","",""
"418","NLA06608-0623",2007,1,"YES","6/20/2007",1.15,"","",""
"419","NLA06608-0624",2007,1,"YES","6/5/2007",0.86,"","",""
"420","NLA06608-0625",2007,1,"YES","9/19/2007",7.55,"","",""
"421","NLA06608-0627",2007,1,"YES","7/19/2007",3.3,"","",""
"422","NLA06608-0628",2007,1,"YES","6/25/2007",0.55,"","",""
"423","NLA06608-0630",2007,1,"YES","7/30/2007",2.05,"","",""
"424","NLA06608-0632",2007,1,"YES","6/12/2007",0.98,"","",""
"425","NLA06608-0634",2007,1,"YES","8/22/2007",0.41,"","",""
"426","NLA06608-0635",2007,1,"YES","8/22/2007",2.03,"","",""
"427","NLA06608-0637",2007,1,"YES","8/6/2007",4.2,"","",""
"428","NLA06608-0641",2007,1,"YES","7/25/2007",1.8,"","",""
"429","NLA06608-0648",2007,1,"YES","8/1/2007",0.2,"","",""
"430","NLA06608-0649",2007,1,"YES","9/19/2007",5.25,"","",""
"431","NLA06608-0650",2007,1,"YES","7/25/2007",1.8,"","",""
"432","NLA06608-0651",2007,1,"YES","7/17/2007",1.45,"","",""
"433","NLA06608-0654",2007,1,"YES","8/14/2007",1.15,"","",""
"434","NLA06608-0657",2007,1,"YES","9/13/2007",0.95,"","","SECCHI WITH SCOPE: DISAPPEARS AT 1.7M, REAPPEARS AT 0.94M."
"435","NLA06608-0658",2007,1,"YES","7/26/2007",6.65,"","",""
"436","NLA06608-0659",2007,1,"YES","6/26/2007",1.38,"","",""
"437","NLA06608-0660",2007,1,"YES","7/12/2007",2.13,"","",""
"438","NLA06608-0661",2007,1,"YES","8/8/2007",1.64,"","",""
"439","NLA06608-0662",2007,1,"YES","8/7/2007",2.55,"","",""
"440","NLA06608-0663",2007,1,"YES","8/8/2007",0.13,"","",""
"441","NLA06608-0665",2007,1,"YES","6/27/2007",2.25,"","",""
"442","NLA06608-0671",2007,1,"YES, CLEAR TO BOTTOM","8/16/2007",NA,"Y",""," -ATH:Clear to Bottom Secchi numbers set to missing"
"443","NLA06608-0672",2007,1,"YES","7/26/2007",0.31,"","",""
"444","NLA06608-0674",2007,1,"YES, CLEAR TO BOTTOM","7/26/2007",NA,"Y",""," -ATH:Clear to Bottom Secchi numbers set to missing"
"445","NLA06608-0677",2007,1,"YES","7/17/2007",0.48,"","",""
"446","NLA06608-0678",2007,1,"YES, CLEAR TO BOTTOM","8/7/2007",NA,"Y","",""
"447","NLA06608-0679",2007,1,"YES","6/27/2007",2.28,"","",""
"448","NLA06608-0681",2007,1,"YES","6/14/2007",2.48,"","",""
"449","NLA06608-0686",2007,1,"YES, CLEAR TO BOTTOM","7/11/2007",NA,"Y","","DISAPPEARS IN MACROPHYTES-ATH:Clear to Bottom Secchi numbers set to missing"
"450","NLA06608-0687",2007,1,"YES","8/14/2007",6.5,"","",""
"451","NLA06608-0690",2007,1,"YES","7/3/2007",2.81,"","",""
"452","NLA06608-0690",2007,2,"YES","8/22/2007",1.61,"","",""
"453","NLA06608-0692",2007,1,"YES","7/10/2007",2.05,"","",""
"454","NLA06608-0693",2007,1,"YES, CLEAR TO BOTTOM","7/25/2007",NA,"Y","",""
"455","NLA06608-0696",2007,1,"YES","7/16/2007",0.82,"","",""
"456","NLA06608-0707",2007,1,"YES","7/12/2007",2.15,"","",""
"457","NLA06608-0709",2007,1,"YES","9/18/2007",0.45,"","",""
"458","NLA06608-0710",2007,1,"YES","7/24/2007",1.56,"","",""
"459","NLA06608-0711",2007,1,"YES","9/10/2007",0.83,"","",""
"460","NLA06608-0712",2007,1,"YES","7/24/2007",3.26,"","",""
"461","NLA06608-0713",2007,1,"YES","9/12/2007",3.2,"","",""
"462","NLA06608-0715",2007,1,"YES","7/6/2007",3.8,"","",""
"463","NLA06608-0717",2007,1,"YES","6/14/2007",0.29,"","",""
"464","NLA06608-0718",2007,1,"YES","7/18/2007",0.28,"","",""
"465","NLA06608-0720",2007,1,"YES","6/26/2007",0.78,"","",""
"466","NLA06608-0721",2007,1,"YES","7/5/2007",2.27,"","",""
"467","NLA06608-0723",2007,1,"YES","8/18/2007",1.63,"","","LAKE IS ONLY 1.8M DEEP"
"468","NLA06608-0724",2007,1,"YES","8/13/2007",3.69,"","",""
"469","NLA06608-0726",2007,1,"YES","8/14/2007",3.95,"","",""
"470","NLA06608-0727",2007,1,"YES","6/23/2007",0.32,"","",""
"471","NLA06608-0731",2007,1,"YES","8/7/2007",4.13,"","",""
"472","NLA06608-0733",2007,1,"YES","6/27/2007",0.26,"","",""
"473","NLA06608-0734",2007,1,"YES","7/24/2007",0.66,"","",""
"474","NLA06608-0738",2007,1,"YES","8/16/2007",5.25,"","",""
"475","NLA06608-0743",2007,1,"YES","6/26/2007",2.23,"","",""
"476","NLA06608-0744",2007,1,"YES","7/18/2007",0.48,"","",""
"477","NLA06608-0749",2007,1,"YES","7/17/2007",0.53,"","",""
"478","NLA06608-0751",2007,1,"YES","7/25/2007",2.95,"","",""
"479","NLA06608-0753",2007,1,"YES","7/19/2007",2.2,"","",""
"480","NLA06608-0754",2007,1,"YES","7/2/2007",4.85,"","","WITH SCOPE: 6.13-D 5.79-R"
"481","NLA06608-0755",2007,1,"YES","6/20/2007",0.42,"","",""
"482","NLA06608-0756",2007,1,"YES","6/25/2007",0.95,"","",""
"483","NLA06608-0759",2007,1,"YES","8/7/2007",0.15,"","",""
"484","NLA06608-0761",2007,1,"YES","9/6/2007",0.65,"","",""
"485","NLA06608-0762",2007,1,"YES","8/16/2007",0.21,"","",""
"486","NLA06608-0764",2007,1,"YES","6/26/2007",1.1,"","",""
"487","NLA06608-0765",2007,1,"YES","6/5/2007",1.5,"","",""
"488","NLA06608-0766",2007,1,"YES","7/18/2007",1.85,"","",""
"489","NLA06608-0769",2007,1,"YES","7/24/2007",1.78,"","",""
"490","NLA06608-0770",2007,1,"YES","5/8/2007",0.59,"","",""
"491","NLA06608-0771",2007,1,"YES","8/13/2007",2.05,"","",""
"492","NLA06608-0775",2007,1,"YES","7/25/2007",2.5,"","",""
"493","NLA06608-0779",2007,1,"YES","7/31/2007",0.16,"","",""
"494","NLA06608-0781",2007,1,"YES","7/26/2007",1.05,"","",""
"495","NLA06608-0782",2007,1,"YES","7/31/2007",2.05,"","",""
"496","NLA06608-0783",2007,1,"YES","8/14/2007",0.15,"","",""
"497","NLA06608-0785",2007,1,"YES","9/12/2007",2.1,"","",""
"498","NLA06608-0792",2007,1,"YES","8/16/2007",0.79,"","",""
"499","NLA06608-0793",2007,1,"YES","6/18/2007",2.7,"","",""
"500","NLA06608-0794",2007,1,"YES","6/9/2007",9.1,"","",""
"501","NLA06608-0794",2007,2,"YES","6/28/2007",11.5,"","",""
"502","NLA06608-0797",2007,1,"YES","6/28/2007",1.53,"","",""
"503","NLA06608-0802",2007,1,"YES","7/20/2007",1.24,"","",""
"504","NLA06608-0804",2007,1,"YES","8/19/2007",1.78,"","",""
"505","NLA06608-0805",2007,1,"YES","8/22/2007",1.6,"","",""
"506","NLA06608-0806",2007,1,"YES","9/7/2007",1.25,"","",""
"507","NLA06608-0807",2007,1,"YES","7/11/2007",1.2,"","",""
"508","NLA06608-0808",2007,1,"YES","9/6/2007",0.45,"","",""
"509","NLA06608-0809",2007,1,"YES","7/24/2007",2.3,"","",""
"510","NLA06608-0811",2007,1,"YES","7/23/2007",1.15,"","",""
"511","NLA06608-0812",2007,1,"YES","6/28/2007",1.36,"","",""
"512","NLA06608-0815",2007,1,"YES","7/17/2007",1.05,"","",""
"513","NLA06608-0820",2007,1,"YES","8/6/2007",0.35,"","",""
"514","NLA06608-0823",2007,1,"YES","7/26/2007",3.95,"","",""
"515","NLA06608-0824",2007,1,"YES","9/5/2007",1.05,"","",""
"516","NLA06608-0825",2007,1,"YES","9/6/2007",0.95,"","",""
"517","NLA06608-0827",2007,1,"YES","7/5/2007",1.15,"","",""
"518","NLA06608-0828",2007,1,"YES","7/11/2007",0.61,"","",""
"519","NLA06608-0830",2007,1,"YES","8/30/2007",0.06,"","",""
"520","NLA06608-0831",2007,1,"YES","7/19/2007",3.75,"","",""
"521","NLA06608-0833",2007,1,"YES, CLEAR TO BOTTOM","8/7/2007",NA,"Y","",""
"522","NLA06608-0834",2007,1,"YES","6/1/2007",1.73,"","",""
"523","NLA06608-0836",2007,1,"YES","8/29/2007",1.5,"","",""
"524","NLA06608-0837",2007,1,"YES","7/19/2007",0.79,"","",""
"525","NLA06608-0842",2007,1,"YES","8/1/2007",4.35,"","",""
"526","NLA06608-0843",2007,1,"YES","7/18/2007",2.26,"","",""
"527","NLA06608-0846",2007,1,"YES","8/28/2007",0.8,"","",""
"528","NLA06608-0847",2007,1,"YES","8/30/2007",0.23,"","",""
"529","NLA06608-0849",2007,1,"YES","7/31/2007",3.17,"","",""
"530","NLA06608-0850",2007,1,"YES","8/7/2007",3.4,"","",""
"531","NLA06608-0851",2007,1,"YES","6/5/2007",0.9,"","",""
"532","NLA06608-0856",2007,1,"YES","6/19/2007",0.98,"","",""
"533","NLA06608-0857",2007,1,"YES","6/22/2007",1.15,"","",""
"534","NLA06608-0859",2007,1,"YES","7/5/2007",1.25,"","",""
"535","NLA06608-0860",2007,1,"YES","7/19/2007",0.32,"","",""
"536","NLA06608-0860",2007,2,"YES","8/21/2007",0.35,"","",""
"537","NLA06608-0862",2007,1,"YES","8/8/2007",2.75,"","",""
"538","NLA06608-0863",2007,1,"YES","7/2/2007",1.04,"","",""
"539","NLA06608-0864",2007,1,"YES","6/25/2007",1.2,"","",""
"540","NLA06608-0865",2007,1,"YES","9/12/2007",0.45,"","",""
"541","NLA06608-0868",2007,1,"YES","8/18/2007",0.45,"","",""
"542","NLA06608-0869",2007,1,"YES","8/9/2007",0.88,"","",""
"543","NLA06608-0870",2007,1,"YES","8/9/2007",12.51,"","",""
"544","NLA06608-0871",2007,1,"YES","7/12/2007",0.15,"","",""
"545","NLA06608-0872",2007,1,"YES","6/21/2007",0.13,"","",""
"546","NLA06608-0873",2007,1,"YES","6/20/2007",0.14,"","",""
"547","NLA06608-0874",2007,1,"YES","8/30/2007",1.35,"","",""
"548","NLA06608-0875",2007,1,"YES","9/14/2007",1.75,"","",""
"549","NLA06608-0877",2007,1,"YES","9/13/2007",0.78,"","",""
"550","NLA06608-0878",2007,1,"YES","8/1/2007",1.65,"","",""
"551","NLA06608-0880",2007,1,"YES","7/17/2007",0.25,"","",""
"552","NLA06608-0881",2007,1,"YES","7/30/2007",1.19,"","",""
"553","NLA06608-0885",2007,1,"YES","7/11/2007",0.56,"","",""
"554","NLA06608-0889",2007,1,"YES","7/11/2007",0.29,"","",""
"555","NLA06608-0890",2007,1,"YES","7/30/2007",3.5,"","",""
"556","NLA06608-0891",2007,1,"YES","8/18/2007",0.2,"","",""
"557","NLA06608-0893",2007,1,"YES","6/28/2007",1.28,"","","0952 HRS"
"558","NLA06608-0895",2007,1,"YES","7/9/2007",0.2,"","",""
"559","NLA06608-0899",2007,1,"YES","6/20/2007",0.55,"","",""
"560","NLA06608-0900",2007,1,"YES","6/18/2007",1.2,"","",""
"561","NLA06608-0904",2007,1,"YES","7/31/2007",0.3,"","",""
"562","NLA06608-0905",2007,1,"YES","6/21/2007",8.9,"","",""
"563","NLA06608-0906",2007,1,"YES","6/12/2007",7.45,"","",""
"564","NLA06608-0913",2007,1,"YES","9/6/2007",1.89,"","","WITH SCOPE: DISAPPEARS AT 2.84M, REAPPEARS AT 2.59M"
"565","NLA06608-0914",2007,1,"YES","8/2/2007",5.53,"","",""
"566","NLA06608-0915",2007,1,"YES","8/8/2007",0.85,"","",""
"567","NLA06608-0916",2007,1,"YES","8/8/2007",0.6,"","",""
"568","NLA06608-0918",2007,1,"YES","8/14/2007",2.87,"","",""
"569","NLA06608-0921",2007,1,"YES","6/25/2007",0.78,"","",""
"570","NLA06608-0922",2007,1,"YES","6/8/2007",1.45,"","",""
"571","NLA06608-0924",2007,1,"YES","8/12/2007",0.23,"","",""
"572","NLA06608-0925",2007,1,"YES","10/3/2007",11.88,"","",""
"573","NLA06608-0926",2007,1,"YES","8/6/2007",6.7,"","",""
"574","NLA06608-0927",2007,1,"YES","8/15/2007",2.75,"","",""
"575","NLA06608-0929",2007,1,"YES","6/16/2007",4.3,"","",""
"576","NLA06608-0930",2007,1,"YES","8/21/2007",6.45,"","",""
"577","NLA06608-0933",2007,1,"YES","7/31/2007",1.04,"","",""
"578","NLA06608-0934",2007,1,"YES","8/28/2007",36.71,"","",""
"579","NLA06608-0935",2007,1,"YES","8/6/2007",1.15,"","","OVERCAST DAY"
"580","NLA06608-0938",2007,1,"YES","8/7/2007",1.46,"","",""
"581","NLA06608-0940",2007,1,"YES","8/17/2007",1.38,"","",""
"582","NLA06608-0942",2007,1,"YES","7/10/2007",4.05,"","",""
"583","NLA06608-0943",2007,1,"YES","9/11/2007",3.05,"","",""
"584","NLA06608-0944",2007,1,"YES","6/24/2007",0.04,"","",""
"585","NLA06608-0946",2007,1,"YES","8/14/2007",1.77,"","","ACTUAL DEPTH 2.07M"
"586","NLA06608-0950",2007,1,"YES","8/2/2007",5.55,"","",""
"587","NLA06608-0955",2007,1,"YES","6/3/2007",2.75,"","",""
"588","NLA06608-0957",2007,1,"YES","6/21/2007",4.28,"","",""
"589","NLA06608-0958",2007,1,"YES","8/15/2007",1.65,"","",""
"590","NLA06608-0961",2007,1,"YES","7/25/2007",3.53,"","",""
"591","NLA06608-0962",2007,1,"YES","7/17/2007",6.2,"","",""
"592","NLA06608-0967",2007,1,"YES","7/30/2007",0.58,"","",""
"593","NLA06608-0968",2007,1,"YES","8/1/2007",0.32,"","",""
"594","NLA06608-0970",2007,1,"YES","6/10/2007",5.5,"","",""
"595","NLA06608-0971",2007,1,"YES","7/26/2007",1.27,"","",""
"596","NLA06608-0972",2007,1,"YES","7/9/2007",0.1,"","",""
"597","NLA06608-0974",2007,1,"YES","7/16/2007",5.45,"","",""
"598","NLA06608-0979",2007,1,"YES","5/30/2007",3.52,"","",""
"599","NLA06608-0980",2007,1,"YES","7/12/2007",0.4,"","",""
"600","NLA06608-0982",2007,1,"YES","8/14/2007",4.5,"","",""
"601","NLA06608-0984",2007,1,"YES","9/26/2007",0.38,"","",""
"602","NLA06608-0986",2007,1,"YES","7/18/2007",2.46,"","",""
"603","NLA06608-0987",2007,1,"YES","7/30/2007",0.85,"","",""
"604","NLA06608-0989",2007,1,"YES","7/31/2007",0.4,"","",""
"605","NLA06608-0990",2007,1,"YES","7/30/2007",1.05,"","",""
"606","NLA06608-0993",2007,1,"YES","9/20/2007",8.4,"","",""
"607","NLA06608-0994",2007,1,"YES","8/23/2007",3.15,"","",""
"608","NLA06608-0996",2007,1,"YES, CLEAR TO BOTTOM","6/26/2007",NA,"Y","",""
"609","NLA06608-0997",2007,1,"YES","8/3/2007",5.55,"","",""
"610","NLA06608-1001",2007,1,"YES","6/15/2007",1.1,"","",""
"611","NLA06608-1002",2007,1,"YES, CLEAR TO BOTTOM","6/28/2007",NA,"Y",""," -ATH:Clear to Bottom Secchi numbers set to missing"
"612","NLA06608-1003",2007,1,"YES","7/23/2007",3.55,"","",""
"613","NLA06608-1005",2007,1,"YES","7/19/2007",0.83,"","",""
"614","NLA06608-1006",2007,1,"YES","6/19/2007",0.38,"","",""
"615","NLA06608-1007",2007,1,"YES","8/2/2007",1.5,"","",""
"616","NLA06608-1008",2007,1,"YES","7/12/2007",4.75,"","",""
"617","NLA06608-1010",2007,1,"YES","8/9/2007",1.2,"","",""
"618","NLA06608-1012",2007,1,"YES","10/17/2007",1.6,"","",""
"619","NLA06608-1014",2007,1,"YES","9/13/2007",4.2,"","",""
"620","NLA06608-1015",2007,1,"YES","8/14/2007",0.42,"","",""
"621","NLA06608-1016",2007,1,"YES","7/23/2007",0.6,"","",""
"622","NLA06608-1018",2007,1,"YES","8/2/2007",1,"","",""
"623","NLA06608-1022",2007,1,"YES","7/10/2007",0.38,"","",""
"624","NLA06608-1024",2007,1,"YES","8/7/2007",1.46,"","",""
"625","NLA06608-1034",2007,1,"YES","8/16/2007",4.45,"","",""
"626","NLA06608-1035",2007,1,"YES","8/14/2007",0.24,"","",""
"627","NLA06608-1036",2007,1,"YES","6/14/2007",0.55,"","",""
"628","NLA06608-1037",2007,1,"YES","9/5/2007",1.05,"","",""
"629","NLA06608-1038",2007,1,"YES","8/3/2007",1.6,"","",""
"630","NLA06608-1039",2007,1,"YES","8/28/2007",0.23,"","",""
"631","NLA06608-1041",2007,1,"YES","8/16/2007",3.53,"","",""
"632","NLA06608-1044",2007,1,"YES","7/10/2007",1.15,"","",""
"633","NLA06608-1045",2007,1,"YES","8/29/2007",7.3,"","",""
"634","NLA06608-1047",2007,1,"YES","6/26/2007",2.27,"","",""
"635","NLA06608-1052",2007,1,"YES","6/27/2007",0.78,"","",""
"636","NLA06608-1055",2007,1,"YES","7/24/2007",0.54,"","",""
"637","NLA06608-1056",2007,1,"YES","9/27/2007",2.08,"","",""
"638","NLA06608-1057",2007,1,"YES","8/14/2007",4.89,"","",""
"639","NLA06608-1058",2007,1,"YES","9/5/2007",6.45,"","",""
"640","NLA06608-1059",2007,1,"YES","7/30/2007",0.95,"","",""
"641","NLA06608-1060",2007,1,"YES","8/14/2007",0.41,"","",""
"642","NLA06608-1060",2007,2,"YES","8/14/2007",0.41,"","",""
"643","NLA06608-1070",2007,1,"YES","7/11/2007",1.55,"","",""
"644","NLA06608-1073",2007,1,"YES","8/13/2007",10.3,"","",""
"645","NLA06608-1075",2007,1,"YES, CLEAR TO BOTTOM","8/27/2007",NA,"Y","",""
"646","NLA06608-1083",2007,1,"YES","6/29/2007",0.63,"","",""
"647","NLA06608-1086",2007,1,"YES","8/27/2007",0.51,"","",""
"648","NLA06608-1087",2007,1,"YES","7/20/2007",1.53,"","",""
"649","NLA06608-1089",2007,1,"YES","7/20/2007",8.2,"","",""
"650","NLA06608-1091",2007,1,"YES","7/16/2007",1.55,"","",""
"651","NLA06608-1096",2007,1,"YES","8/2/2007",0.25,"","",""
"652","NLA06608-1100",2007,1,"YES","6/28/2007",4.28,"","",""
"653","NLA06608-1101",2007,1,"YES, CLEAR TO BOTTOM","9/9/2007",NA,"Y",""," -ATH:Clear to Bottom Secchi numbers set to missing"
"654","NLA06608-1102",2007,1,"YES","7/16/2007",3.95,"","",""
"655","NLA06608-1103",2007,1,"YES","8/28/2007",0.41,"","",""
"656","NLA06608-1107",2007,1,"YES","8/27/2007",0.18,"","",""
"657","NLA06608-1108",2007,1,"YES","6/21/2007",0.57,"","",""
"658","NLA06608-1108",2007,2,"YES","7/2/2007",0.54,"","",""
"659","NLA06608-1111",2007,1,"YES","7/10/2007",0.28,"","",""
"660","NLA06608-1113",2007,1,"YES","7/16/2007",2.25,"","",""
"661","NLA06608-1114",2007,1,"YES","6/21/2007",0.83,"","",""
"662","NLA06608-1115",2007,1,"YES","7/30/2007",3.49,"","",""
"663","NLA06608-1119",2007,1,"YES","8/30/2007",1.75,"","",""
"664","NLA06608-1120",2007,1,"YES","8/27/2007",1.35,"","",""
"665","NLA06608-1122",2007,1,"YES","7/26/2007",2.02,"","","DISAPPEARS IN WEEDS? (W/SCOPE)"
"666","NLA06608-1124",2007,1,"YES, CLEAR TO BOTTOM","7/17/2007",NA,"Y","","CLEAR TO BOTTOM AT 2.7M-ATH:Clear to Bottom Secchi numbers set to missing"
"667","NLA06608-1125",2007,1,"YES","8/7/2007",3.65,"","",""
"668","NLA06608-1129",2007,1,"YES","6/6/2007",2.05,"","",""
"669","NLA06608-1130",2007,1,"YES","8/21/2007",1.08,"","",""
"670","NLA06608-1131",2007,1,"YES","6/26/2007",1.68,"","",""
"671","NLA06608-1134",2007,1,"YES","8/7/2007",1.3,"","",""
"672","NLA06608-1141",2007,1,"YES","7/9/2007",1.75,"","",""
"673","NLA06608-1143",2007,1,"YES, CLEAR TO BOTTOM","7/31/2007",NA,"Y",""," -ATH:Clear to Bottom Secchi numbers set to missing"
"674","NLA06608-1145",2007,1,"YES","9/12/2007",0.78,"","",""
"675","NLA06608-1147",2007,1,"YES","7/27/2007",0.65,"","",""
"676","NLA06608-1148",2007,1,"YES","7/31/2007",0.15,"","",""
"677","NLA06608-1150",2007,1,"YES","7/19/2007",2.35,"","",""
"678","NLA06608-1151",2007,1,"YES","7/17/2007",1.45,"","",""
"679","NLA06608-1153",2007,1,"YES","7/19/2007",13.74,"","",""
"680","NLA06608-1155",2007,1,"YES","7/17/2007",0.95,"","",""
"681","NLA06608-1162",2007,1,"YES","9/6/2007",3.45,"","",""
"682","NLA06608-1163",2007,1,"YES","7/2/2007",2.8,"","",""
"683","NLA06608-1164",2007,1,"YES","9/11/2007",0.83,"","",""
"684","NLA06608-1166",2007,1,"YES","8/14/2007",7.25,"","",""
"685","NLA06608-1167",2007,1,"YES","9/20/2007",4.4,"","",""
"686","NLA06608-1170",2007,1,"YES","7/18/2007",5.35,"","",""
"687","NLA06608-1172",2007,1,"YES","6/27/2007",2.65,"","",""
"688","NLA06608-1174",2007,1,"YES","8/15/2007",3.27,"","",""
"689","NLA06608-1175",2007,1,"YES","8/21/2007",0.55,"","","ALGAL BLOOM"
"690","NLA06608-1177",2007,1,"YES","6/28/2007",1.1,"","",""
"691","NLA06608-1179",2007,1,"YES","8/1/2007",0.3,"","",""
"692","NLA06608-1181",2007,1,"YES","6/26/2007",0.6,"","",""
"693","NLA06608-1183",2007,1,"YES","8/29/2007",8,"","",""
"694","NLA06608-1185",2007,1,"YES","8/16/2007",0.35,"","",""
"695","NLA06608-1189",2007,1,"YES","9/21/2007",3.55,"","",""
"696","NLA06608-1190",2007,1,"YES","6/25/2007",0.85,"","",""
"697","NLA06608-1191",2007,1,"YES","8/6/2007",0.78,"","",""
"698","NLA06608-1195",2007,1,"YES","7/2/2007",1.1,"","",""
"699","NLA06608-1198",2007,1,"YES","7/25/2007",2.05,"","",""
"700","NLA06608-1199",2007,1,"YES","8/15/2007",0.93,"","",""
"701","NLA06608-1204",2007,1,"YES","8/28/2007",2.93,"","",""
"702","NLA06608-1206",2007,1,"YES","8/2/2007",0.8,"","",""
"703","NLA06608-1207",2007,1,"YES","7/26/2007",3.95,"","",""
"704","NLA06608-1208",2007,1,"YES","7/12/2007",0.45,"","",""
"705","NLA06608-1208",2007,2,"YES","7/25/2007",0.85,"","",""
"706","NLA06608-1209",2007,1,"YES","8/15/2007",1.58,"","",""
"707","NLA06608-1210",2007,1,"YES, CLEAR TO BOTTOM","8/15/2007",NA,"Y",""," -ATH:Clear to Bottom Secchi numbers set to missing"
"708","NLA06608-1217",2007,1,"YES","7/24/2007",0.88,"","",""
"709","NLA06608-1219",2007,1,"YES","8/20/2007",0.28,"","",""
"710","NLA06608-1220",2007,1,"YES","7/11/2007",0.53,"","",""
"711","NLA06608-1222",2007,1,"YES","7/31/2007",2.3,"","",""
"712","NLA06608-1223",2007,1,"YES","7/24/2007",0.2,"","",""
"713","NLA06608-1224",2007,1,"YES","7/12/2007",0.88,"","",""
"714","NLA06608-1227",2007,1,"YES","7/3/2007",2.25,"","",""
"715","NLA06608-1232",2007,1,"YES","8/22/2007",2.45,"","",""
"716","NLA06608-1236",2007,1,"YES","8/16/2007",0.33,"","",""
"717","NLA06608-1238",2007,1,"YES","8/16/2007",5.56,"","",""
"718","NLA06608-1239",2007,1,"YES","7/24/2007",0.43,"","",""
"719","NLA06608-1240",2007,1,"YES","7/18/2007",1.1,"","",""
"720","NLA06608-1241",2007,1,"YES","6/23/2007",0.98,"","",""
"721","NLA06608-1242",2007,1,"YES","7/10/2007",4.45,"","",""
"722","NLA06608-1243",2007,1,"YES","8/7/2007",0.92,"","","-ATH: value changed based on Turbidity=9 NTU, euphotic zone=1.8m on form"
"723","NLA06608-1244",2007,1,"YES","8/7/2007",0.28,"","",""
"724","NLA06608-1245",2007,1,"YES","6/29/2007",0.3,"","",""
"725","NLA06608-1255",2007,1,"YES","8/15/2007",0.1,"","",""
"726","NLA06608-1256",2007,1,"YES","7/17/2007",2.23,"","",""
"727","NLA06608-1258",2007,1,"YES","8/22/2007",1.36,"","",""
"728","NLA06608-1259",2007,1,"YES","6/21/2007",3.8,"","",""
"729","NLA06608-1261",2007,1,"YES, CLEAR TO BOTTOM","6/25/2007",NA,"Y",""," -ATH:Clear to Bottom Secchi numbers set to missing"
"730","NLA06608-1262",2007,1,"YES","7/9/2007",0.88,"","",""
"731","NLA06608-1263",2007,1,"YES","8/23/2007",0.9,"","",""
"732","NLA06608-1266",2007,1,"YES","7/12/2007",0.04,"","",""
"733","NLA06608-1268",2007,1,"YES","7/17/2007",0.54,"","",""
"734","NLA06608-1269",2007,1,"YES","7/24/2007",0.32,"","",""
"735","NLA06608-1270",2007,1,"YES","8/30/2007",0.78,"","",""
"736","NLA06608-1271",2007,1,"YES","8/7/2007",0.4,"","",""
"737","NLA06608-1273",2007,1,"YES","9/7/2007",0.55,"","",""
"738","NLA06608-1274",2007,1,"YES","8/1/2007",4.6,"","",""
"739","NLA06608-1278",2007,1,"YES","8/21/2007",1.28,"","",""
"740","NLA06608-1279",2007,1,"YES","8/26/2007",1.33,"","",""
"741","NLA06608-1281",2007,1,"YES","7/18/2007",4.03,"","",""
"742","NLA06608-1283",2007,1,"YES","6/27/2007",0.68,"","",""
"743","NLA06608-1284",2007,1,"YES","8/24/2007",5.3,"","",""
"744","NLA06608-1288",2007,1,"YES","8/27/2007",0.48,"","",""
"745","NLA06608-1292",2007,1,"YES","7/20/2007",1.25,"","",""
"746","NLA06608-1295",2007,1,"YES","7/12/2007",0.44,"","",""
"747","NLA06608-1297",2007,1,"YES","9/13/2007",2,"","",""
"748","NLA06608-1300",2007,1,"YES","8/15/2007",2.15,"","",""
"749","NLA06608-1303",2007,1,"YES","8/8/2007",2.55,"","",""
"750","NLA06608-1312",2007,1,"YES","9/27/2007",4.46,"","",""
"751","NLA06608-1316",2007,1,"YES","8/17/2007",0.15,"","",""
"752","NLA06608-1319",2007,1,"YES","8/7/2007",0.28,"","",""
"753","NLA06608-1321",2007,1,"YES","8/1/2007",5.75,"","",""
"754","NLA06608-1323",2007,1,"YES","6/26/2007",1.76,"","",""
"755","NLA06608-1326",2007,1,"YES, CLEAR TO BOTTOM","8/6/2007",NA,"Y",""," -ATH:Clear to Bottom Secchi numbers set to missing"
"756","NLA06608-1329",2007,1,"YES, CLEAR TO BOTTOM","8/8/2007",NA,"Y","",""
"757","NLA06608-1332",2007,1,"YES","8/21/2007",0.2,"","",""
"758","NLA06608-1333",2007,1,"YES","9/24/2007",6.8,"","",""
"759","NLA06608-1334",2007,1,"YES","7/31/2007",2,"","",""
"760","NLA06608-1334",2007,2,"YES","8/14/2007",1.45,"","",""
"761","NLA06608-1336",2007,1,"YES","9/19/2007",0.38,"","",""
"762","NLA06608-1338",2007,1,"YES, CLEAR TO BOTTOM","6/27/2007",NA,"Y","","DEPTH IS 1.4M-ATH:Clear to Bottom Secchi numbers set to missing"
"763","NLA06608-1339",2007,1,"YES","8/30/2007",0.32,"","",""
"764","NLA06608-1342",2007,1,"YES","7/17/2007",1.5,"","",""
"765","NLA06608-1344",2007,1,"YES","7/10/2007",1.15,"","",""
"766","NLA06608-1346",2007,1,"YES","7/12/2007",4.3,"","",""
"767","NLA06608-1347",2007,1,"YES","6/28/2007",2.65,"","",""
"768","NLA06608-1348",2007,1,"YES","8/8/2007",4.3,"","",""
"769","NLA06608-1349",2007,1,"YES","8/23/2007",1.15,"","",""
"770","NLA06608-1354",2007,1,"YES","7/28/2007",4.56,"","",""
"771","NLA06608-1355",2007,1,"YES","7/3/2007",1.75,"","",""
"772","NLA06608-1355",2007,2,"YES","8/21/2007",2.55,"","",""
"773","NLA06608-1356",2007,1,"NO, EQUIPMENT FAILURE","8/13/2007",NA,"","K","LONGER THAN CHAIN > 1.5M. IM: TEAM INDICATED > BEFORE DEPTH DISK MEASUREMENTS."
"774","NLA06608-1358",2007,1,"YES","8/28/2007",2.75,"","",""
"775","NLA06608-1358",2007,2,"YES","9/18/2007",2.5,"","",""
"776","NLA06608-1359",2007,1,"YES","7/31/2007",0.61,"","",""
"777","NLA06608-1360",2007,1,"YES","8/19/2007",0.85,"","",""
"778","NLA06608-1364",2007,1,"YES","6/20/2007",0.38,"","",""
"779","NLA06608-1365",2007,1,"YES","8/21/2007",1.55,"","",""
"780","NLA06608-1367",2007,1,"YES","8/14/2007",0.12,"","",""
"781","NLA06608-1368",2007,1,"YES","9/18/2007",0.4,"","",""
"782","NLA06608-1369",2007,1,"YES","6/21/2007",0.63,"","",""
"783","NLA06608-1370",2007,1,"YES","8/31/2007",1.45,"","",""
"784","NLA06608-1372",2007,1,"YES","9/17/2007",0.63,"","",""
"785","NLA06608-1375",2007,1,"YES","9/4/2007",0.3,"","",""
"786","NLA06608-1376",2007,1,"YES","9/26/2007",1.89,"","",""
"787","NLA06608-1377",2007,1,"YES","7/22/2007",6.3,"","",""
"788","NLA06608-1380",2007,1,"YES","7/18/2007",3.25,"","",""
"789","NLA06608-1383",2007,1,"YES","8/22/2007",0.85,"","",""
"790","NLA06608-1387",2007,1,"YES","7/20/2007",0.95,"","",""
"791","NLA06608-1389",2007,1,"YES","8/7/2007",0.7,"","",""
"792","NLA06608-1389",2007,2,"YES","8/29/2007",0.6,"","",""
"793","NLA06608-1390",2007,1,"YES","7/19/2007",1.45,"","",""
"794","NLA06608-1391",2007,1,"YES","9/5/2007",0.33,"","",""
"795","NLA06608-1396",2007,1,"YES","6/21/2007",1.46,"","",""
"796","NLA06608-1397",2007,1,"YES","7/10/2007",0.2,"","",""
"797","NLA06608-1398",2007,1,"YES","8/17/2007",0.8,"","",""
"798","NLA06608-1401",2007,1,"YES","7/11/2007",0.55,"","","ALGAE BLOOM"
"799","NLA06608-1403",2007,1,"YES","7/2/2007",2.35,"","",""
"800","NLA06608-1413",2007,1,"YES","7/11/2007",0.5,"","",""
"801","NLA06608-1414",2007,1,"YES","8/28/2007",2,"","",""
"802","NLA06608-1417",2007,1,"YES","7/31/2007",4.4,"","",""
"803","NLA06608-1420",2007,1,"YES","9/18/2007",0.18,"","",""
"804","NLA06608-1421",2007,1,"YES","7/17/2007",0.36,"","",""
"805","NLA06608-1425",2007,1,"YES","8/7/2007",1.41,"","",""
"806","NLA06608-1426",2007,1,"YES","7/23/2007",1.15,"","","DEPTH IS LESS THAN PHOTIC ZONE"
"807","NLA06608-1432",2007,1,"YES","6/19/2007",0.75,"","",""
"808","NLA06608-1434",2007,1,"YES","8/1/2007",3.75,"","",""
"809","NLA06608-1435",2007,1,"YES","8/1/2007",1.3,"","",""
"810","NLA06608-1436",2007,1,"YES","6/21/2007",1.14,"","",""
"811","NLA06608-1439",2007,1,"YES","7/17/2007",3.35,"","",""
"812","NLA06608-1445",2007,1,"YES","7/18/2007",0.76,"","","1.0 M MAX DEPTH 0.9M SAMPLED"
"813","NLA06608-1446",2007,1,"NOT DONE","8/29/2007",NA,"","K","DID NOT RECORD SECCHI AT SITE"
"814","NLA06608-1447",2007,1,"YES","7/18/2007",2.1,"","",""
"815","NLA06608-1450",2007,1,"YES","7/24/2007",2.79,"","",""
"816","NLA06608-1454",2007,1,"YES","7/25/2007",3.9,"","",""
"817","NLA06608-1455",2007,1,"YES","8/13/2007",2.4,"","",""
"818","NLA06608-1460",2007,1,"YES","7/26/2007",2.14,"","",""
"819","NLA06608-1461",2007,1,"YES","9/26/2007",2.4,"","",""
"820","NLA06608-1462",2007,1,"YES","8/20/2007",0.06,"","",""
"821","NLA06608-1465",2007,1,"YES","8/21/2007",3.9,"","",""
"822","NLA06608-1469",2007,1,"YES","7/10/2007",0.55,"","",""
"823","NLA06608-1473",2007,1,"YES","7/22/2007",4.24,"","",""
"824","NLA06608-1476",2007,1,"YES","6/14/2007",0.2,"","","TEAM WROTE ""AVERAGE"" ABOVE THE DEPTH DISK FIELDS"
"825","NLA06608-1481",2007,1,"YES","8/14/2007",9.89,"","",""
"826","NLA06608-1482",2007,1,"YES","7/24/2007",0.73,"","",""
"827","NLA06608-1483",2007,1,"YES","7/25/2007",2.78,"","",""
"828","NLA06608-1484",2007,1,"YES","8/26/2007",1.76,"","",""
"829","NLA06608-1487",2007,1,"YES","8/20/2007",1.93,"","",""
"830","NLA06608-1488",2007,1,"YES","7/31/2007",0.28,"","",""
"831","NLA06608-1489",2007,1,"YES","8/29/2007",1.31,"","",""
"832","NLA06608-1492",2007,1,"YES","6/28/2007",0.61,"","",""
"833","NLA06608-1496",2007,1,"YES","9/6/2007",1.23,"","",""
"834","NLA06608-1499",2007,1,"YES","8/8/2007",4.05,"","",""
"835","NLA06608-1504",2007,1,"YES","8/27/2007",0.46,"","",""
"836","NLA06608-1508",2007,1,"YES","8/20/2007",0.38,"","",""
"837","NLA06608-1510",2007,1,"YES","8/17/2007",0.87,"","",""
"838","NLA06608-1511",2007,1,"YES","6/12/2007",2.45,"","",""
"839","NLA06608-1515",2007,1,"YES","8/29/2007",1.65,"","",""
"840","NLA06608-1517",2007,1,"YES","8/1/2007",1.46,"","",""
"841","NLA06608-1521",2007,1,"YES","8/14/2007",0.71,"","",""
"842","NLA06608-1524",2007,1,"YES","6/12/2007",0.26,"","",""
"843","NLA06608-1527",2007,1,"YES","8/8/2007",0.09,"","",""
"844","NLA06608-1529",2007,1,"YES","6/19/2007",1.2,"","",""
"845","NLA06608-1532",2007,1,"YES","7/24/2007",1.06,"","",""
"846","NLA06608-1537",2007,1,"YES","7/15/2007",2.7,"","",""
"847","NLA06608-1538",2007,1,"YES","7/26/2007",3.2,"","",""
"848","NLA06608-1544",2007,1,"YES","7/25/2007",0.42,"","",""
"849","NLA06608-1556",2007,1,"YES","8/14/2007",2.32,"","",""
"850","NLA06608-1558",2007,1,"YES, CLEAR TO BOTTOM","9/12/2007",NA,"Y",""," -ATH:Clear to Bottom Secchi numbers set to missing"
"851","NLA06608-1560",2007,1,"YES","8/21/2007",0.95,"","",""
"852","NLA06608-1561",2007,1,"YES","6/19/2007",2.1,"","",""
"853","NLA06608-1562",2007,1,"YES","6/11/2007",2.32,"","",""
"854","NLA06608-1564",2007,1,"YES","6/26/2007",0.15,"","",""
"855","NLA06608-1568",2007,1,"YES","7/10/2007",0.31,"","",""
"856","NLA06608-1569",2007,1,"YES","8/14/2007",0.65,"","",""
"857","NLA06608-1572",2007,1,"YES","8/20/2007",1.83,"","",""
"858","NLA06608-1575",2007,1,"YES","7/24/2007",0.68,"","",""
"859","NLA06608-1576",2007,1,"YES","9/9/2007",0.38,"","",""
"860","NLA06608-1577",2007,1,"YES","7/19/2007",3.85,"","",""
"861","NLA06608-1578",2007,1,"YES","8/21/2007",1.13,"","",""
"862","NLA06608-1579",2007,1,"YES","7/24/2007",3.49,"","",""
"863","NLA06608-1586",2007,1,"YES, CLEAR TO BOTTOM","7/10/2007",NA,"Y","","SECCHI VISIBLE ON WEEDS ON BOTTOM-ATH:Clear to Bottom Secchi numbers set to missing"
"864","NLA06608-1593",2007,1,"YES","8/8/2007",2.75,"","",""
"865","NLA06608-1595",2007,1,"YES","6/28/2007",1.55,"","",""
"866","NLA06608-1596",2007,1,"YES","8/20/2007",0.15,"","",""
"867","NLA06608-1600",2007,1,"YES","7/19/2007",1.95,"","",""
"868","NLA06608-1602",2007,1,"YES","5/30/2007",2.13,"","",""
"869","NLA06608-1608",2007,1,"YES","8/26/2007",0.83,"","",""
"870","NLA06608-1610",2007,1,"NO, EQUIPMENT FAILURE","8/15/2007",NA,"","K","USED YSI PROBE secchi=5m, not valid measure"
"871","NLA06608-1617",2007,1,"YES","8/8/2007",3.27,"","",""
"872","NLA06608-1623",2007,1,"YES","7/19/2007",0.25,"","",""
"873","NLA06608-1626",2007,1,"YES","8/8/2007",1.95,"","",""
"874","NLA06608-1630",2007,1,"YES","7/12/2007",0.41,"","",""
"875","NLA06608-1631",2007,1,"YES","8/8/2007",1.82,"","",""
"876","NLA06608-1633",2007,1,"YES","7/13/2007",3.6,"","",""
"877","NLA06608-1637",2007,1,"YES","8/28/2007",1.45,"","",""
"878","NLA06608-1638",2007,1,"YES","8/6/2007",15.13,"","",""
"879","NLA06608-1640",2007,1,"YES","7/26/2007",0.78,"","",""
"880","NLA06608-1641",2007,1,"YES","6/19/2007",0.19,"","",""
"881","NLA06608-1643",2007,1,"YES","7/19/2007",3.5,"","",""
"882","NLA06608-1652",2007,1,"YES","6/13/2007",0.78,"","",""
"883","NLA06608-1654",2007,1,"YES","7/9/2007",2.25,"","",""
"884","NLA06608-1655",2007,1,"YES","6/6/2007",0.12,"","",""
"885","NLA06608-1668",2007,1,"YES","7/17/2007",1.3,"","",""
"886","NLA06608-1672",2007,1,"YES","9/5/2007",0.15,"","",""
"887","NLA06608-1674",2007,1,"YES","7/27/2007",3.05,"","",""
"888","NLA06608-1675",2007,1,"YES","7/23/2007",4.05,"","",""
"889","NLA06608-1679",2007,1,"YES","7/15/2007",2.25,"","",""
"890","NLA06608-1684",2007,1,"YES","6/27/2007",1.13,"","",""
"891","NLA06608-1684",2007,2,"YES","8/21/2007",1.22,"","",""
"892","NLA06608-1687",2007,1,"YES","7/9/2007",0.75,"","",""
"893","NLA06608-1690",2007,1,"YES","9/10/2007",3.95,"","",""
"894","NLA06608-1695",2007,1,"YES","9/6/2007",3.7,"","",""
"895","NLA06608-1703",2007,1,"YES","8/28/2007",0.28,"","",""
"896","NLA06608-1704",2007,1,"YES","9/5/2007",1,"","",""
"897","NLA06608-1706",2007,1,"YES, CLEAR TO BOTTOM","9/17/2007",NA,"Y","",""
"898","NLA06608-1707",2007,1,"YES","7/22/2007",1.5,"","",""
"899","NLA06608-1711",2007,1,"YES","9/4/2007",2.2,"","",""
"900","NLA06608-1715",2007,1,"YES","9/6/2007",1.43,"","",""
"901","NLA06608-1717",2007,1,"YES","9/25/2007",5.5,"","",""
"902","NLA06608-1719",2007,1,"YES","6/18/2007",0.11,"","",""
"903","NLA06608-1723",2007,1,"YES","6/20/2007",3.45,"","","EUPHOTIC ZONE IS 4.4M"
"904","NLA06608-1724",2007,1,"YES","8/7/2007",0.91,"","",""
"905","NLA06608-1733",2007,1,"YES","7/12/2007",0.35,"","",""
"906","NLA06608-1735",2007,1,"YES","9/11/2007",0.95,"","",""
"907","NLA06608-1736",2007,1,"YES","8/1/2007",0.58,"","",""
"908","NLA06608-1739",2007,1,"YES","7/20/2007",5,"","",""
"909","NLA06608-1740",2007,1,"YES","8/10/2007",0.76,"","",""
"910","NLA06608-1741",2007,1,"YES","7/9/2007",0.36,"","",""
"911","NLA06608-1742",2007,1,"YES","7/18/2007",4.95,"","",""
"912","NLA06608-1748",2007,1,"YES","7/31/2007",5.25,"","",""
"913","NLA06608-1753",2007,1,"YES, CLEAR TO BOTTOM","8/22/2007",NA,"Y",""," -ATH:Clear to Bottom Secchi numbers set to missing"
"914","NLA06608-1755",2007,1,"YES","8/20/2007",1.35,"","",""
"915","NLA06608-1758",2007,1,"YES, CLEAR TO BOTTOM","7/23/2007",NA,"Y",""," -ATH:Clear to Bottom Secchi numbers set to missing"
"916","NLA06608-1771",2007,1,"YES","8/28/2007",2.7,"","",""
"917","NLA06608-1775",2007,1,"YES","8/24/2007",0.65,"","",""
"918","NLA06608-1781",2007,1,"YES","10/2/2007",0.6,"","",""
"919","NLA06608-1782",2007,1,"YES","9/13/2007",0.95,"","",""
"920","NLA06608-1789",2007,1,"YES","9/19/2007",4.25,"","",""
"921","NLA06608-1791",2007,1,"YES","8/8/2007",4.03,"","",""
"922","NLA06608-1793",2007,1,"YES","7/23/2007",2.75,"","",""
"923","NLA06608-1800",2007,1,"YES","8/27/2007",0.78,"","",""
"924","NLA06608-1802",2007,1,"YES","9/12/2007",1.32,"","",""
"925","NLA06608-1804",2007,1,"YES","6/27/2007",1.15,"","",""
"926","NLA06608-1808",2007,1,"YES","9/13/2007",0.64,"","",""
"927","NLA06608-1810",2007,1,"YES","7/16/2007",0.55,"","",""
"928","NLA06608-1811",2007,1,"YES","6/25/2007",1.41,"","","EUPHOTIC ZONE DEEPER THAN TOTAL"
"929","NLA06608-1812",2007,1,"YES","8/27/2007",2.3,"","",""
"930","NLA06608-1818",2007,1,"YES","7/10/2007",8.09,"","",""
"931","NLA06608-1821",2007,1,"YES","8/9/2007",0.3,"","",""
"932","NLA06608-1824",2007,1,"YES","7/25/2007",0.65,"","",""
"933","NLA06608-1825",2007,1,"YES","9/11/2007",0.55,"","",""
"934","NLA06608-1835",2007,1,"YES","7/24/2007",3.05,"","",""
"935","NLA06608-1836",2007,1,"YES","8/13/2007",0.36,"","",""
"936","NLA06608-1839",2007,1,"YES","9/20/2007",1.03,"","",""
"937","NLA06608-1840",2007,1,"YES","8/15/2007",0.46,"","",""
"938","NLA06608-1851",2007,1,"YES","8/21/2007",1.07,"","",""
"939","NLA06608-1856",2007,1,"YES","7/24/2007",0.5,"","",""
"940","NLA06608-1857",2007,1,"YES","7/25/2007",6.95,"","",""
"941","NLA06608-1861",2007,1,"YES","8/1/2007",0.65,"","",""
"942","NLA06608-1862",2007,1,"YES","7/12/2007",0.1,"","",""
"943","NLA06608-1863",2007,1,"YES","9/7/2007",1.33,"","",""
"944","NLA06608-1866",2007,1,"YES, CLEAR TO BOTTOM","7/23/2007",NA,"Y","","1.6 METERS DEEP-ATH:Clear to Bottom Secchi numbers set to missing"
"945","NLA06608-1867",2007,1,"YES","7/18/2007",0.53,"","",""
"946","NLA06608-1868",2007,1,"YES","8/15/2007",1.8,"","",""
"947","NLA06608-1871",2007,1,"YES","7/19/2007",1.65,"","",""
"948","NLA06608-1873",2007,1,"YES","9/11/2007",9.16,"","",""
"949","NLA06608-1874",2007,1,"YES","8/14/2007",2.85,"","",""
"950","NLA06608-1879",2007,1,"YES","8/22/2007",0.27,"","",""
"951","NLA06608-1884",2007,1,"YES","7/18/2007",0.95,"","",""
"952","NLA06608-1893",2007,1,"YES","7/12/2007",0.19,"","",""
"953","NLA06608-1894",2007,1,"NOT DONE","8/8/2007",NA,"","K","DID NOT RECORD SECCHI AT SITE"
"954","NLA06608-1906",2007,1,"YES","7/20/2007",1.33,"","","ALMOST TO BOTTOM, LOTS OF WEEDS"
"955","NLA06608-1908",2007,1,"YES","8/7/2007",4.95,"","",""
"956","NLA06608-1910",2007,1,"YES","7/11/2007",0.8,"","",""
"957","NLA06608-1930",2007,1,"YES","7/24/2007",3.3,"","",""
"958","NLA06608-1936",2007,1,"YES","9/13/2007",0.4,"","",""
"959","NLA06608-1948",2007,1,"YES","8/21/2007",0.84,"","",""
"960","NLA06608-1953",2007,1,"YES","8/25/2007",2.13,"","",""
"961","NLA06608-1958",2007,1,"YES","8/27/2007",4.63,"","",""
"962","NLA06608-1959",2007,1,"YES","6/11/2007",0.51,"","",""
"963","NLA06608-1960",2007,1,"YES","8/23/2007",0.3,"","",""
"964","NLA06608-1968",2007,1,"YES","8/23/2007",0.24,"","",""
"965","NLA06608-1975",2007,1,"YES","8/8/2007",2.46,"","",""
"966","NLA06608-1985",2007,1,"YES","7/21/2007",10.45,"","",""
"967","NLA06608-1989",2007,1,"YES","8/2/2007",1.45,"","",""
"968","NLA06608-1992",2007,1,"YES","9/20/2007",0.4,"","",""
"969","NLA06608-1998",2007,1,"YES","8/6/2007",2.75,"","",""
"970","NLA06608-1998",2007,2,"YES","9/11/2007",1.98,"","",""
"971","NLA06608-2005",2007,1,"YES","7/12/2007",0.3,"","",""
"972","NLA06608-2007",2007,1,"YES","6/24/2007",1.11,"","",""
"973","NLA06608-2010",2007,1,"YES","7/19/2007",1.61,"","",""
"974","NLA06608-2027",2007,1,"YES","6/20/2007",1.13,"","",""
"975","NLA06608-2036",2007,1,"YES","7/11/2007",1.56,"","",""
"976","NLA06608-2037",2007,1,"YES","6/14/2007",0.42,"","",""
"977","NLA06608-2039",2007,1,"YES","8/9/2007",0.13,"","",""
"978","NLA06608-2049",2007,1,"YES","9/17/2007",4.15,"","",""
"979","NLA06608-2056",2007,1,"YES","8/22/2007",0.37,"","",""
"980","NLA06608-2072",2007,1,"YES","8/30/2007",0.68,"","",""
"981","NLA06608-2074",2007,1,"YES","6/13/2007",0.65,"","",""
"982","NLA06608-2076",2007,1,"YES","9/12/2007",1.93,"","",""
"983","NLA06608-2078",2007,1,"YES","8/24/2007",2.59,"","",""
"984","NLA06608-2082",2007,1,"YES","9/4/2007",2.1,"","",""
"985","NLA06608-2086",2007,1,"YES","8/29/2007",4.15,"","",""
"986","NLA06608-2087",2007,1,"YES","7/25/2007",0.34,"","",""
"987","NLA06608-2091",2007,1,"YES","7/2/2007",0.99,"","",""
"988","NLA06608-2092",2007,1,"YES","9/15/2007",0.43,"","",""
"989","NLA06608-2094",2007,1,"YES","7/11/2007",1.07,"","",""
"990","NLA06608-2095",2007,1,"YES","7/8/2007",0.79,"","",""
"991","NLA06608-2103",2007,1,"YES","6/13/2007",0.79,"","",""
"992","NLA06608-2114",2007,1,"YES","7/25/2007",2.7,"","",""
"993","NLA06608-2117",2007,1,"YES","9/25/2007",0.25,"","",""
"994","NLA06608-2120",2007,1,"YES","7/25/2007",1.16,"","",""
"995","NLA06608-2123",2007,1,"YES","8/13/2007",0.24,"","",""
"996","NLA06608-2131",2007,1,"YES","6/26/2007",0.43,"","",""
"997","NLA06608-2134",2007,1,"YES","8/1/2007",1.71,"","",""
"998","NLA06608-2135",2007,1,"YES","8/20/2007",1.45,"","",""
"999","NLA06608-2152",2007,1,"YES","10/2/2007",1.61,"","",""
"1000","NLA06608-2154",2007,1,"YES","7/23/2007",0.59,"","",""
"1001","NLA06608-2155",2007,1,"YES","7/25/2007",2.5,"","",""
"1002","NLA06608-2162",2007,1,"YES","7/9/2007",2.48,"","",""
"1003","NLA06608-2170",2007,1,"NO, EQUIPMENT FAILURE","8/24/2007",NA,"","K","SECCHI DISK NOT AVAILABLE YSI USED, secchi=1m, not valid measure"
"1004","NLA06608-2177",2007,1,"YES","9/14/2007",5.45,"","",""
"1005","NLA06608-2185",2007,1,"YES","7/19/2007",2.6,"","",""
"1006","NLA06608-2187",2007,1,"YES","7/10/2007",1.25,"","",""
"1007","NLA06608-2193",2007,1,"YES, CLEAR TO BOTTOM","8/22/2007",NA,"Y","","WATER COLORED BROWN"
"1008","NLA06608-2196",2007,1,"YES","8/9/2007",2.65,"","",""
"1009","NLA06608-2217",2007,1,"YES","6/5/2007",2.98,"","",""
"1010","NLA06608-2219",2007,1,"YES","7/10/2007",1.17,"","",""
"1011","NLA06608-2241",2007,1,"YES","9/6/2007",5.63,"","",""
"1012","NLA06608-2250",2007,1,"YES","7/29/2007",9.4,"","",""
"1013","NLA06608-2253",2007,1,"YES","7/12/2007",0.87,"","",""
"1014","NLA06608-2257",2007,1,"YES","8/24/2007",4.72,"","",""
"1015","NLA06608-2266",2007,1,"YES","6/23/2007",2,"","",""
"1016","NLA06608-2267",2007,1,"YES","8/6/2007",1.75,"","",""
"1017","NLA06608-2283",2007,1,"YES","7/17/2007",3.15,"","",""
"1018","NLA06608-2305",2007,1,"YES","7/16/2007",2.31,"","",""
"1019","NLA06608-2322",2007,1,"YES","8/23/2007",3.4,"","",""
"1020","NLA06608-2332",2007,1,"YES","8/9/2007",1.1,"","",""
"1021","NLA06608-2333",2007,1,"YES","7/31/2007",1.06,"","",""
"1022","NLA06608-2345",2007,1,"YES","8/16/2007",1.25,"","",""
"1023","NLA06608-2354",2007,1,"YES","7/13/2007",2.63,"","",""
"1024","NLA06608-2372",2007,1,"YES","8/28/2007",1,"","",""
"1025","NLA06608-2379",2007,1,"YES","7/31/2007",5.05,"","",""
"1026","NLA06608-2418",2007,1,"YES","7/11/2007",1.12,"","F1","DISAPPEARS IN WEEDS"
"1027","NLA06608-2426",2007,1,"YES","9/27/2007",0.38,"","",""
"1028","NLA06608-2429",2007,1,"YES","8/14/2007",4.65,"","",""
"1029","NLA06608-2438",2007,1,"YES","9/11/2007",0.11,"","",""
"1030","NLA06608-2450",2007,1,"YES","7/24/2007",7.48,"","",""
"1031","NLA06608-2453",2007,1,"YES","7/10/2007",0.3,"","",""
"1032","NLA06608-2457",2007,1,"YES","8/23/2007",2.35,"","",""
"1033","NLA06608-2463",2007,1,"YES","7/19/2007",5.25,"","",""
"1034","NLA06608-2477",2007,1,"YES","6/26/2007",1.2,"","",""
"1035","NLA06608-2481",2007,1,"YES","8/1/2007",3.98,"","",""
"1036","NLA06608-2492",2007,1,"YES","7/24/2007",0.86,"","",""
"1037","NLA06608-2497",2007,1,"YES","7/17/2007",0.7,"","","DID NOT WANT TO DISTURB BOTTOM"
"1038","NLA06608-2507",2007,1,"YES","7/11/2007",0.82,"","",""
"1039","NLA06608-2513",2007,1,"YES","8/21/2007",5.19,"","",""
"1040","NLA06608-2523",2007,1,"YES","7/31/2007",0.79,"","",""
"1041","NLA06608-2524",2007,1,"YES","9/14/2007",0.98,"","",""
"1042","NLA06608-2565",2007,1,"YES","8/22/2007",1.15,"","",""
"1043","NLA06608-2566",2007,1,"YES, CLEAR TO BOTTOM","7/12/2007",NA,"Y",""," -ATH:Clear to Bottom Secchi numbers set to missing"
"1044","NLA06608-2593",2007,1,"YES","7/26/2007",0.55,"","",""
"1045","NLA06608-2629",2007,1,"YES","7/10/2007",0.5,"","",""
"1046","NLA06608-2634",2007,1,"YES, CLEAR TO BOTTOM","7/30/2007",NA,"Y","",""
"1047","NLA06608-2640",2007,1,"YES","8/9/2007",1,"","",""
"1048","NLA06608-2644",2007,1,"YES","8/20/2007",0.41,"","",""
"1049","NLA06608-2655",2007,1,"YES","8/29/2007",1.65,"","",""
"1050","NLA06608-2657",2007,1,"YES, CLEAR TO BOTTOM","9/13/2007",NA,"Y",""," -ATH:Clear to Bottom Secchi numbers set to missing"
"1051","NLA06608-2663",2007,1,"YES, CLEAR TO BOTTOM","7/10/2007",NA,"Y",""," -ATH:Clear to Bottom Secchi numbers set to missing"
"1052","NLA06608-2673",2007,1,"YES","9/18/2007",5.5,"","",""
"1053","NLA06608-2685",2007,1,"YES","9/14/2007",2.45,"","",""
"1054","NLA06608-2696",2007,1,"YES","7/26/2007",0.75,"","",""
"1055","NLA06608-2704",2007,1,"YES","9/11/2007",0.25,"","",""
"1056","NLA06608-2708",2007,1,"YES","8/8/2007",2.4,"","",""
"1057","NLA06608-2714",2007,1,"YES","8/11/2007",3.85,"","",""
"1058","NLA06608-2715",2007,1,"YES","8/17/2007",0.52,"","",""
"1059","NLA06608-2726",2007,1,"YES","9/12/2007",6.99,"","",""
"1060","NLA06608-2740",2007,1,"YES","8/14/2007",0.65,"","",""
"1061","NLA06608-2753",2007,1,"YES","8/30/2007",2.67,"","",""
"1062","NLA06608-2759",2007,1,"YES, CLEAR TO BOTTOM","8/30/2007",NA,"Y","",""
"1063","NLA06608-2776",2007,1,"YES","10/16/2007",0.79,"","",""
"1064","NLA06608-2779",2007,1,"YES","7/18/2007",1.85,"","",""
"1065","NLA06608-2797",2007,1,"YES","6/28/2007",2.13,"","",""
"1066","NLA06608-2800",2007,1,"YES","9/25/2007",4,"","",""
"1067","NLA06608-2801",2007,1,"YES","8/1/2007",0.35,"","",""
"1068","NLA06608-2807",2007,1,"YES","8/13/2007",0.9,"","",""
"1069","NLA06608-2823",2007,1,"YES","9/5/2007",1.08,"","",""
"1070","NLA06608-2824",2007,1,"YES","8/13/2007",0.8,"","",""
"1071","NLA06608-2831",2007,1,"YES","8/1/2007",0.48,"","",""
"1072","NLA06608-2833",2007,1,"YES","8/15/2007",4.39,"","",""
"1073","NLA06608-2874",2007,1,"YES","9/26/2007",4.2,"","",""
"1074","NLA06608-2881",2007,1,"YES","9/21/2007",6.95,"","",""
"1075","NLA06608-2889",2007,1,"YES","7/18/2007",8.2,"","",""
"1076","NLA06608-2891",2007,1,"YES","7/16/2007",3,"","",""
"1077","NLA06608-2916",2007,1,"YES","8/6/2007",3.3,"","",""
"1078","NLA06608-2924",2007,1,"YES","8/1/2007",1.21,"","",""
"1079","NLA06608-2954",2007,1,"YES","7/26/2007",1.58,"","",""
"1080","NLA06608-2955",2007,1,"YES","6/28/2007",0.74,"","",""
"1081","NLA06608-2972",2007,1,"YES","8/19/2007",0.16,"","",""
"1082","NLA06608-2987",2007,1,"YES","8/1/2007",0.99,"","",""
"1083","NLA06608-2996",2007,1,"YES","10/18/2007",0.28,"","",""
"1084","NLA06608-3032",2007,1,"YES","10/17/2007",0.29,"","",""
"1085","NLA06608-3035",2007,1,"YES","7/25/2007",3.65,"","",""
"1086","NLA06608-3083",2007,1,"YES","8/6/2007",1.18,"","",""
"1087","NLA06608-3096",2007,1,"YES","9/25/2007",2.49,"","",""
"1088","NLA06608-3121",2007,1,"YES","8/7/2007",1.55,"","",""
"1089","NLA06608-3147",2007,1,"YES","8/21/2007",1.05,"","",""
"1090","NLA06608-3153",2007,1,"YES","9/25/2007",7,"","",""
"1091","NLA06608-3157",2007,1,"YES","7/11/2007",2.3,"","",""
"1092","NLA06608-3160",2007,1,"YES","8/15/2007",0.27,"","",""
"1093","NLA06608-3169",2007,1,"YES","8/21/2007",0.45,"","",""
"1094","NLA06608-3228",2007,1,"YES","10/9/2007",0.82,"","",""
"1095","NLA06608-3265",2007,1,"YES","9/5/2007",6.27,"","",""
"1096","NLA06608-3303",2007,1,"YES","10/17/2007",0.79,"","",""
"1097","NLA06608-3313",2007,1,"YES","8/16/2007",0.97,"","",""
"1098","NLA06608-3320",2007,1,"YES","9/17/2007",0.4,"","",""
"1099","NLA06608-3329",2007,1,"YES","7/19/2007",2.88,"","","NEARLY CLEAR TO BOTTOM"
"1100","NLA06608-3480",2007,1,"YES","8/14/2007",0.59,"","",""
"1101","NLA06608-3484",2007,1,"YES","8/20/2007",0.16,"","F1","VERY CHOPPY AND TURBID"
"1102","NLA06608-3608",2007,1,"YES","8/16/2007",0.69,"","",""
"1103","NLA06608-3616",2007,1,"YES","7/30/2007",1.3,"","",""
"1104","NLA06608-3644",2007,1,"YES","8/15/2007",0.52,"","",""
"1105","NLA06608-3656",2007,1,"YES","8/22/2007",0.23,"","",""
"1106","NLA06608-3660",2007,1,"YES","8/23/2007",0.05,"","","VERY TURBID"
"1107","NLA06608-3698",2007,1,"YES","7/19/2007",2.56,"","",""
"1108","NLA06608-3846",2007,1,"YES","7/12/2007",4.79,"","",""
"1109","NLA06608-3890",2007,1,"YES","7/11/2007",3.9,"","",""
"1110","NLA06608-3911",2007,1,"YES","9/17/2007",0.73,"","",""
"1111","NLA06608-4056",2007,1,"YES","7/5/2007",1,"","",""
"1112","NLA06608-4064",2007,1,"YES","7/31/2007",0.9,"","",""
"1113","NLA06608-4206",2007,1,"YES","9/19/2007",0.62,"","",""
"1114","NLA06608-4252",2007,1,"YES","8/23/2007",4.95,"","",""
"1115","NLA06608-4320",2007,1,"YES","9/10/2007",0.8,"","",""
"1116","NLA06608-4382",2007,1,"YES","9/10/2007",0.75,"","",""
"1117","NLA06608-4413",2007,1,"YES","7/18/2007",2.7,"","",""
"1118","NLA06608-4414",2007,1,"YES","8/29/2007",0.88,"","",""
"1119","NLA06608-4440",2007,1,"YES","9/4/2007",0.83,"","",""
"1120","NLA06608-4472",2007,1,"YES","8/7/2007",0.3,"","",""
"1121","NLA06608-4504",2007,1,"YES","6/5/2007",0.88,"","",""
"1122","NLA06608-4610",2007,1,"YES","7/24/2007",1.62,"","",""
"1123","NLA06608-4643",2007,1,"YES","8/21/2007",1.15,"","",""
"1124","NLA06608-4650",2007,1,"YES","9/13/2007",0.79,"","",""
"1125","NLA06608-4659",2007,1,"YES","9/19/2007",0.37,"","",""
"1126","NLA06608-4686",2007,1,"YES","9/12/2007",0.38,"","",""
"1127","NLA06608-4698",2007,1,"YES","9/16/2007",0.63,"","",""
"1128","NLA06608-4828",2007,1,"YES","9/4/2007",1.23,"","",""
"1129","NLA06608-4929",2007,1,"YES","7/17/2007",0.94,"","",""
"1130","NLA06608-4949",2007,1,"YES","8/29/2007",0.83,"","",""
"1131","NLA06608-9999",2007,1,"YES","7/31/2007",8.55,"","",""
"1132","NLA06608-ACAD_LAKES_0435",2007,1,"YES, CLEAR TO BOTTOM","8/1/2007",NA,"Y",""," -ATH:Clear to Bottom Secchi numbers set to missing"
"1133","NLA06608-ALPS-1218",2007,1,"YES","8/3/2007",1.04,"","",""
"1134","NLA06608-ALSC:020149",2007,1,"YES","9/11/2007",3.7,"","",""
"1135","NLA06608-ELS:1C2-032",2007,1,"YES","7/12/2007",1.28,"","",""
"1136","NLA06608-ELS:1C3-003",2007,1,"YES","8/15/2007",3.77,"","",""
"1137","NLA06608-ELS:1D1-035",2007,1,"YES","7/25/2007",1.52,"","",""
"1138","NLA06608-ELS:1D2-087",2007,1,"YES","7/27/2007",0.86,"","",""
"1139","NLA06608-ELS:1E1-052",2007,1,"YES","8/7/2007",4.5,"","","VARIABLE CLOUD COVER"
"1140","NLA06608-ELS:1E1-096",2007,1,"YES","8/9/2007",2.06,"","",""
"1141","NLA06608-ELS:1E1-128",2007,1,"YES","8/10/2007",2.46,"","",""
"1142","NLA06608-ELS:1E2-027",2007,1,"YES, CLEAR TO BOTTOM","8/14/2007",NA,"Y",""," -ATH:Clear to Bottom Secchi numbers set to missing"
"1143","NLA06608-ELS:1E3-002",2007,1,"YES, CLEAR TO BOTTOM","8/7/2007",NA,"Y","",""
"1144","NLA06608-ELS:1E3-012",2007,1,"YES","8/28/2007",5.28,"","",""
"1145","NLA06608-ELS:1E3-071",2007,1,"YES, CLEAR TO BOTTOM","8/8/2007",NA,"Y",""," -ATH:Clear to Bottom Secchi numbers set to missing"
"1146","NLA06608-ELS:2B2-008",2007,1,"YES","8/21/2007",1.39,"","","LAKE VERY TANIN"
"1147","NLA06608-ELS:2C2-048",2007,1,"YES","8/24/2007",2.79,"","",""
"1148","NLA06608-ELS:2C3-018",2007,1,"YES","8/25/2007",1.94,"","",""
"1149","NLA06608-ELS:2D3-008",2007,1,"YES","8/10/2007",5.05,"","",""
"1150","NLA06608-EMAP:ME011L",2007,1,"YES","9/14/2007",2.5,"","","W/ SCOPE REAPPEARS 4.19M DISAPPEARS 4.34"
"1151","NLA06608-EMAP:ME012L",2007,1,"YES","8/28/2007",5.64,"","","NEED TO REDO?"
"1152","NLA06608-EMAP:ME254L",2007,1,"YES","9/5/2007",3.92,"","",""
"1153","NLA06608-EMAP:ME263L",2007,1,"YES","8/9/2007",1.58,"","",""
"1154","NLA06608-EMAP:ME518L",2007,1,"YES","8/10/2007",4.59,"","",""
"1155","NLA06608-FL:107895579",2007,1,"YES","8/1/2007",1.35,"","",""
"1156","NLA06608-FL:16674741",2007,1,"YES","8/3/2007",3.4,"","",""
"1157","NLA06608-FL:18261987",2007,1,"YES","8/5/2007",1.25,"","",""
"1158","NLA06608-FL:99324403",2007,1,"YES","8/4/2007",1.25,"","",""
"1159","NLA06608-FL:99344895",2007,1,"YES, CLEAR TO BOTTOM","8/6/2007",NA,"Y",""," -ATH:Clear to Bottom Secchi numbers set to missing"
"1160","NLA06608-IN:646",2007,1,"YES","7/31/2007",1.7,"","",""
"1161","NLA06608-MI:7007",2007,1,"YES","8/1/2007",2.84,"","",""
"1162","NLA06608-MN:03-0029",2007,1,"YES","8/8/2007",3.75,"","",""
"1163","NLA06608-MN:06-0002",2007,1,"YES","9/6/2007",0.55,"","",""
"1164","NLA06608-MN:11-0102",2007,1,"YES","8/11/2007",3.65,"","",""
"1165","NLA06608-MN:15-0010",2007,1,"YES","8/9/2007",3.91,"","",""
"1166","NLA06608-MN:22-0074",2007,1,"YES","9/11/2007",0.6,"","",""
"1167","NLA06608-MN:49-0140",2007,1,"YES","9/24/2007",6.35,"","",""
"1168","NLA06608-MN:51-0063",2007,1,"YES","9/5/2007",0.25,"","",""
"1169","NLA06608-MN:56-0306",2007,1,"YES","9/17/2007",2.45,"","",""
"1170","NLA06608-MN:61-0037",2007,1,"YES","9/25/2007",2.55,"","",""
"1171","NLA06608-MN:74-0023",2007,1,"YES","9/12/2007",1.43,"","",""
"1172","NLA06608-MN:75-0200",2007,1,"YES","9/7/2007",0.35,"","",""
"1173","NLA06608-MN:77-0019",2007,1,"YES","9/16/2007",2.18,"","",""
"1174","NLA06608-MN:87-0030",2007,1,"YES","9/8/2007",0.4,"","",""
"1175","NLA06608-NELP-0253",2007,1,"YES","8/8/2007",5.92,"","",""
"1176","NLA06608-NELP-0955",2007,1,"YES","8/29/2007",6.07,"","","DISAPPEARS W/SCOPE: 8.37/REAPPEARS W/SCOPE: 8.00"
"1177","NLA06608-NELP-1041",2007,1,"YES, CLEAR TO BOTTOM","8/1/2007",NA,"Y","",""
"1178","NLA06608-NELP-1330",2007,1,"YES","8/28/2007",6.91,"","",""
"1179","NLA06608-NELP-2155",2007,1,"YES","8/29/2007",7.37,"","",""
"1180","NLA06608-NELP-3355",2007,1,"YES, CLEAR TO BOTTOM","8/29/2007",NA,"Y",""," -ATH:Clear to Bottom Secchi numbers set to missing"
"1181","NLA06608-NELP-3586",2007,1,"YES","8/30/2007",6.22,"","","SCOPE: DIS, 7.87 REAP, 7.67"
"1182","NLA06608-NH250L",2007,1,"YES","7/26/2007",2.65,"","",""
"1183","NLA06608-NH4912",2007,1,"YES","8/9/2007",7.15,"","",""
"1184","NLA06608-NV:2",2007,1,"YES","9/21/2007",3.1,"","",""
"1185","NLA06608-NV:3",2007,1,"YES, CLEAR TO BOTTOM","9/20/2007",NA,"Y","",""
"1186","NLA06608-NV:4",2007,1,"YES","9/17/2007",0.08,"","",""
"1187","NLA06608-OH:19",2007,1,"YES","9/6/2007",1.9,"","",""
"1188","NLA06608-OH:22",2007,1,"YES","9/5/2007",5.68,"","",""
"1189","NLA06608-R10BULLTR",2007,1,"YES","8/16/2007",8.25,"","",""
"1190","NLA06608-R10CAPEHO",2007,1,"YES, CLEAR TO BOTTOM","8/14/2007",NA,"Y",""," -ATH:Clear to Bottom Secchi numbers set to missing"
"1191","NLA06608-R10CHARLT",2007,1,"YES","8/8/2007",17.1,"","",""
"1192","NLA06608-R10COUNCI",2007,1,"YES","8/22/2007",9.25,"","",""
"1193","NLA06608-R10DEERLA",2007,1,"YES, CLEAR TO BOTTOM","8/9/2007",NA,"Y",""," -ATH:Clear to Bottom Secchi numbers set to missing"
"1194","NLA06608-R10FISHLA",2007,1,"YES","8/12/2007",2.9,"","",""
"1195","NLA06608-R10FOURMI",2007,1,"YES","8/7/2007",18.1,"","",""
"1196","NLA06608-R10RAINYL",2007,1,"YES","8/19/2007",13,"","",""
"1197","NLA06608-R10SQUAWL",2007,1,"YES","8/24/2007",9.25,"","",""
"1198","NLA06608-R10ULAKE",2007,1,"YES","8/21/2007",2.15,"","",""
"1199","NLA06608-R10YELLOW",2007,1,"YES","8/15/2007",18.25,"","",""
"1200","NLA06608-R31",2007,1,"YES","7/30/2007",4.2,"","",""
"1201","NLA06608-R314",2007,1,"YES","8/15/2007",3.26,"","",""
"1202","NLA06608-R315",2007,1,"YES","8/28/2007",4.21,"","",""
"1203","NLA06608-R318",2007,1,"YES","8/16/2007",3.94,"","",""
"1204","NLA06608-R319",2007,1,"YES","9/18/2007",0.46,"","",""
"1205","NLA06608-R32",2007,1,"YES","8/1/2007",6.9,"","",""
"1206","NLA06608-R322",2007,1,"YES","9/4/2007",3.11,"","",""
"1207","NLA06608-R323",2007,1,"YES","9/19/2007",1.05,"","",""
"1208","NLA06608-R324",2007,1,"YES","9/20/2007",2.4,"","",""
"1209","NLA06608-R326",2007,1,"YES","9/18/2007",0.65,"","",""
"1210","NLA06608-R328",2007,1,"YES","9/6/2007",5.81,"","",""
"1211","NLA06608-R333",2007,1,"YES","9/17/2007",1.47,"","",""
"1212","NLA06608-R334",2007,1,"YES","8/8/2007",1.65,"","",""
"1213","NLA06608-R336",2007,1,"YES","8/21/2007",1.03,"","",""
"1214","NLA06608-R34",2007,1,"YES","8/28/2007",3.33,"","",""
"1215","NLA06608-R5:KATHRYN",2007,1,"YES","8/22/2007",2.34,"","",""
"1216","NLA06608-R5:OTTAWA",2007,1,"YES","8/23/2007",7.95,"","",""
"1217","NLA06608-R7101",2007,1,"YES","9/18/2007",0.15,"","",""
"1218","NLA06608-R7103",2007,1,"YES","9/18/2007",0.45,"","",""
"1219","NLA06608-R7104",2007,1,"YES, CLEAR TO BOTTOM","9/18/2007",NA,"Y","",""
"1220","NLA06608-R7106",2007,1,"YES","9/20/2007",0.53,"","",""
"1221","NLA06608-R715",2007,1,"YES","8/30/2007",0.55,"","",""
"1222","NLA06608-R716",2007,1,"YES","8/31/2007",1.35,"","",""
"1223","NLA06608-R723",2007,1,"YES","8/23/2007",1.45,"","",""
"1224","NLA06608-R728",2007,1,"YES","8/15/2007",0.95,"","",""
"1225","NLA06608-R730",2007,1,"YES","7/3/2007",0.53,"","",""
"1226","NLA06608-R733",2007,1,"YES","7/2/2007",0.88,"","",""
"1227","NLA06608-R736",2007,1,"YES","7/12/2007",1.8,"","",""
"1228","NLA06608-R746",2007,1,"YES","7/16/2007",1,"","",""
"1229","NLA06608-R750",2007,1,"YES","7/18/2007",0.7,"","",""
"1230","NLA06608-R759",2007,1,"YES","7/26/2007",1.55,"","",""
"1231","NLA06608-R764",2007,1,"YES","8/24/2007",1.3,"","",""
"1232","NLA06608-R767",2007,1,"YES","8/2/2007",3,"","",""
"1233","NLA06608-R769",2007,1,"YES","8/1/2007",3.9,"","",""
"1234","NLA06608-R770",2007,1,"YES","8/2/2007",3,"","",""
"1235","NLA06608-R772",2007,1,"YES","9/7/2007",1.25,"","",""
"1236","NLA06608-R775",2007,1,"YES","9/6/2007",2.4,"","",""
"1237","NLA06608-R784",2007,1,"YES","9/20/2007",0.95,"","",""
"1238","NLA06608-R788",2007,1,"YES, CLEAR TO BOTTOM","9/18/2007",NA,"Y",""," -ATH:Clear to Bottom Secchi numbers set to missing"
"1239","NLA06608-R791",2007,1,"YES","9/19/2007",0.15,"","",""
"1240","NLA06608-R792",2007,1,"YES","9/19/2007",0.15,"","",""
"1241","NLA06608-R796",2007,1,"YES","9/19/2007",0.21,"","",""
"1242","NLA06608-TX:10",2007,1,"YES","9/11/2007",1,"","",""
"1243","NLA06608-TX:14",2007,1,"YES","9/10/2007",1.65,"","",""
"1244","NLA06608-TX:15",2007,1,"YES","9/8/2007",1.45,"","",""
"1245","NLA06608-TX:19",2007,1,"YES","9/15/2007",1.55,"","",""
"1246","NLA06608-TX:22",2007,1,"YES","9/17/2007",0.55,"","",""
"1247","NLA06608-TX:27",2007,1,"YES","9/6/2007",0.8,"","",""
"1248","NLA06608-TX:29",2007,1,"YES","9/13/2007",2.55,"","",""
"1249","NLA06608-TX:30",2007,1,"YES","9/18/2007",0.45,"","",""
"1250","NLA06608-TX:5",2007,1,"YES","9/5/2007",1.88,"","","SECCHI DEPTH RECORDED IN FEET. -ATH converted to m"
"1251","NLA06608-WI:LOWES",2007,1,"YES","7/11/2007",1.4,"","",""
"1252","NLA06608-WI:SY",2007,1,"YES","7/17/2007",1.25,"","",""
