ManMadeSITE_ID,LON_DD,LAT_DD,LAKE_ORIGI,LAKENAME,AREA_CAT7,ADJWGT_CAT,URBAN,WSA_ECO3,WSA_ECO9,ECO_LEV_3,ECO_L3_NAM,NUT_REG,NUTREG_NAM,ECO_NUTA,REFCLUS_NA,RT_NLA,REF_NUTR,AREA_HA,SIZE_CLASS,LAKEAREA,LAKEPERIM,SLD,DEPTH_X,DEPTHMAX,ELEV_PT,PERM_WATER,NON_SALINE,SRFC_AREA,METER_DEEP,OPEN_WATER,AQUACULTUR,DISPOSAL,SEWAGE,EVAPORATE,PHYS_ACCES,FLAG_INFO,COMMENT_IN,SAMPLED_PR,SAMPLED_SE,SAMPLED_AS,SAMPLED_PH,INDXSAMP_P,SAMPLED_CH,INDXSAMP_C,SAMPLED__1,INDXSAMP_1,SAMPLED_ZO,INDXSAMP_Z,SAMPLED__2,INDXSAMP_2,SAMPLED_CO,INDXSAMP_3,SAMPLED_IN,INDXSAMP_I,SAMPLED_EN,INDXSAMP_E,SAMPLED_MI,INDXSAMP_M,SAMPLED_SD,INDXSAMP_S,VISIT_ID,FID_1,NEAR_FID,NEAR_DIST,NEAR_X,NEAR_Y,NEAR_ANGLE,FID_,SITE_ID,LON_DD,LAT_DD,ALBERS_X,ALBERS_Y,FLD_LON_DD,FLD_LAT_DD,FLD_SRC,EPA_REG,LAKE_ORIGI,LAKENAME,AREA_CAT7,ADJWGT_CAT,URBAN,WSA_ECO3,WSA_ECO9,ECO_LEV_3,ECO_L3_NAM,NUT_REG,NUTREG_NAM,ECO_NUTA,REFCLUS_NA,RT_NLA,REF_NUTR,AREA_HA,SIZE_CLASS,LAKEAREA,LAKEPERIM,SLD,DEPTH_X,DEPTHMAX,ELEV_PT,PERM_WATER,NON_SALINE,SRFC_AREA,METER_DEEP,OPEN_WATER,AQUACULTUR,DISPOSAL,SEWAGE,EVAPORATE,PHYS_ACCES,FLAG_INFO,COMMENT_IN,SAMPLED_PR,SAMPLED_SE,SAMPLED_AS,SAMPLED_PH,INDXSAMP_P,SAMPLED_CH,INDXSAMP_C,SAMPLED__1,INDXSAMP_1,SAMPLED_ZO,INDXSAMP_Z,SAMPLED__2,INDXSAMP_2,SAMPLED_CO,INDXSAMP_3,SAMPLED_IN,INDXSAMP_I,SAMPLED_EN,INDXSAMP_E,SAMPLED_MI,INDXSAMP_M,SAMPLED_SD,INDXSAMP_S,VISIT_ID,FID_1
NLA06608-0617,-111.496551,35.06361,MAN-MADE,Upper Lake Mary,>100,AZ,NO,WMTNS,WMT,23,Arizona/New Mexico Mountains,II,Western Forested Mountains,II,"Western Mountains: Moderate-elevation, large southern lakes and reservoirs",SO-SO,N,348.546486,04:>100-500 ha,3.485465,21.14079,3.194375,4.1,4.1,2077,Yes,Yes,Yes,Yes,Yes,No,No,No,No,Yes, , ,YES,YES,YES,YES,YES,YES,YES,YES,YES,YES,YES,YES,YES,YES (Top only),YES,NOT DONE,YES,YES,YES,YES,YES,YES,YES,7899,699,560,0.103573912,-111.4026965,35.01980463,-25.020207,560,NLA06608-1641,-111.402697,35.019805,-1387754.848,-165061.1803,-111.402725,35.022418,Index_site,Region_9,NATURAL,Ashurst,"(50,100]",AZ,NO,WMTNS,WMT,23,Arizona/New Mexico Mountains,II,Western Forested Mountains,II,"Western Mountains: Moderate-elevation, large southern lakes and reservoirs",TRASH,N,81.452774,03:>50-100 ha,0.814528,4.68371,1.46397,4.9,4.9,2168,Yes,Yes,Yes,Yes,Yes,No,No,No,No,Yes, , ,YES,YES,YES,YES,YES,YES,YES,YES,YES,YES,YES,YES,YES,YES (Top only),YES,NOT DONE,YES,YES,YES,YES,YES,YES,YES,8390,1733
NLA06608-1461,-118.741556,37.599346,MAN-MADE,Lake Crowley,>100,CA,NO,WMTNS,XER,13,Central Basin and Range,III,Xeric West,III,"Western Mountains: Moderate-elevation, large southern lakes and reservoirs",SO-SO,N,1966.933306,05:>500-5000 ha,19.669333,41.530033,2.641572,13.1,13.1,2063.39,Yes,Yes,Yes,Yes,Yes,No,No,No,No,Yes, , ,YES,YES,YES,YES,YES,YES,YES,YES,YES,YES,YES,YES,YES,YES (Top only),YES,NOT DONE,YES,YES,YES,YES,YES,NO,YES,8322,1553,558,0.382591346,-119.0740544,37.78861101,150.3506071,558,NLA06608-0181,-119.074054,37.788611,-1993046.235,275497.3344,-119.07026,37.78793,Index_site,Region_9,NATURAL,June Lake,>100,CA,NO,WMTNS,XER,13,Central Basin and Range,III,Xeric West,III,"Western Mountains: High-elevation, cold, deep northern lakes and reservoirs",SO-SO,Y,118.816894,04:>100-500 ha,1.188169,4.627394,1.197547,40,40,2323.16,Yes,Yes,Yes,Yes,Yes,No,No,No,No,Yes, , ,YES,YES,YES,YES,YES,YES,YES,YES,YES,YES,YES,YES,YES,NO,YES,NO CORE SAMPLE,YES,YES,YES,YES,YES,NO,YES,7646,248
NLA06608-1866,-109.260775,44.787483,MAN-MADE,Hogan Reservoir,"(10,20]",WY,NO,WMTNS,XER,18,Wyoming Basin,III,Xeric West,III,"Western Mountains: Moderate-elevation, large southern lakes and reservoirs",SO-SO,N,16.770564,02:>10-50 ha,0.167706,2.087377,1.437878,1.5,1.5,1468,Missing,Missing,Missing,Missing,Missing,Missing,Missing,Missing,Missing,Missing, , ,YES,"YES, CLEAR TO BOTTOM",YES,YES,YES,YES,YES,YES,YES,YES,YES,YES,YES,YES (Top only),YES,NOT DONE,YES,YES,YES,YES,YES,YES,YES,8464,1959,555,0.30560057,-109.5249202,44.94116736,149.8083975,555,NLA06608-2634,-109.52492,44.941167,-1062332.368,908109.485,-109.52302,44.93961,Index_site,Region_8,NATURAL,Little Bear Lake,"(10,20]",WY,NO,WMTNS,WMT,17,Middle Rockies,II,Western Forested Mountains,II,"Western Mountains: High-elevation, cold, deep northern lakes and reservoirs",SO-SO,Y,15.176703,02:>10-50 ha,0.151767,2.2286,1.613758,3.5,3.5,2911,Missing,Missing,Missing,Missing,Missing,Missing,Missing,Missing,Missing,Missing, , ,YES,"YES, CLEAR TO BOTTOM",YES,YES,YES,YES,YES,YES,YES,YES,YES,YES,YES,YES (Both),YES,YES,YES,YES,YES,YES,YES,YES,YES,8597,2728
NLA06608-0225,-112.538985,47.4804,MAN-MADE,Nilan Reservoir,>100,MT,NO,PLNLOW,NPL,42,Northwestern Glaciated Plains,V,South Central Cultivated Great Plains,V,"Plains and Lowlands: Higher-elevation, shallow lakes and reservoirs-northern central Plains",SO-SO,Y,205.604562,04:>100-500 ha,2.056046,9.382508,1.845855,17.3,17.3,1355,Yes,Yes,Yes,Yes,Yes,No,No,No,No,Yes, , ,YES,YES,YES,YES,YES,YES,YES,YES,YES,YES,YES,YES,YES,YES (Top only),YES,NOT DONE,YES,YES,YES,YES,YES,YES,YES,7680,297,551,0.205208921,-112.4310378,47.30587695,-58.26217792,551,NLA06608-2170,-112.431038,47.305877,-1243388.094,1202493.76,-112.42947,47.30428,Index_site,Region_8,NATURAL,Bean Lake,"(50,100]",MT,NO,PLNLOW,NPL,42,Northwestern Glaciated Plains,V,South Central Cultivated Great Plains,V,"Plains and Lowlands: Higher-elevation, shallow lakes and reservoirs-northern central Plains",TRASH,N,83.230665,03:>50-100 ha,0.832307,3.655938,1.130452,2.8,2.8,1388,Missing,Missing,Missing,Missing,Missing,Missing,Missing,Missing,Missing,Missing, , ,YES,"NO, EQUIPMENT FAILURE",YES,YES,YES,YES,YES,YES,YES,YES,YES,YES,YES,YES (Both),YES,YES,YES,YES,YES,YES,YES,YES,YES,8536,2264
NLA06608-0755,-100.063766,45.171986,MAN-MADE, ,"(10,20]",SD,NO,PLNLOW,NPL,42,Northwestern Glaciated Plains,V,South Central Cultivated Great Plains,V,"Plains and Lowlands: Higher-elevation, shallow lakes and reservoirs-northern central Plains",TRASH,N,15.327077,02:>10-50 ha,0.153271,2.630043,1.895083,2.5,2.5,599.28,Yes,Yes,Yes,Yes,Yes,No,No,No,No,Yes, , ,YES,YES,YES,YES,YES,YES,YES,YES,YES,YES,YES,YES,YES,YES (Top only),YES,NOT DONE,YES,YES,YES,YES,YES,YES,YES,7970,838,547,0.370486911,-99.90500153,44.8372406,-64.62572544,547,NLA06608-2103,-99.905002,44.837241,-308149.8623,827151.4315,-99.91314,44.87215,Index_site,Region_8,NATURAL,Cottonwood,>100,SD,NO,PLNLOW,NPL,42,Northwestern Glaciated Plains,V,South Central Cultivated Great Plains,V,"Plains and Lowlands: Higher-elevation, shallow lakes and reservoirs-northern central Plains",SO-SO,N,182.147843,04:>100-500 ha,1.821478,7.01385,1.466019,2.4,2.4,557.78,Yes,Yes,Yes,Yes,Yes,No,No,No,No,Yes, , ,YES,YES,YES,YES,YES,YES,YES,YES,YES,YES,YES,YES,YES,YES (Both),YES,YES,YES,YES,YES,YES,YES,YES,YES,8521,2197
NLA06608-1270,-109.383468,43.355301,MAN-MADE,Upper Dinwoody Lake,>100,WY,NO,WMTNS,XER,18,Wyoming Basin,III,Xeric West,III,"Western Mountains: High-elevation, cold, deep northern lakes and reservoirs",SO-SO,N,74.834424,04:>100-500 ha,0.748344,7.70584,2.512837,5.8,5.8,1975,Yes,Yes,Yes,Yes,Yes,No,No,No,No,Yes, , ,YES,YES,YES,YES,YES,YES,YES,YES,YES,YES,YES,YES,YES,YES (Both),YES,YES,YES,YES,YES,YES,YES,YES,YES,8234,1358,540,0.446642452,-109.5044313,42.92535091,-105.713506,540,NLA06608-1818,-109.504431,42.925351,-1092572.587,685335.9711,-109.50241,42.92227,Index_site,Region_8,NATURAL,North Fork Lake,"(50,100]",WY,NO,WMTNS,WMT,17,Middle Rockies,II,Western Forested Mountains,II,"Western Mountains: High-elevation, cold, deep northern lakes and reservoirs",SO-SO,Y,66.548967,03:>50-100 ha,0.66549,6.517039,2.253589,41.2,41.2,2972.54,Missing,Missing,Missing,Missing,Missing,Missing,Missing,Missing,Missing,Missing, , ,YES,YES,YES,YES,YES,YES,YES,YES,YES,YES,YES,YES,YES,YES (Both),YES,YES,YES,YES,YES,YES,YES,YES,YES,8449,1911
NLA06608-0929,-113.295712,46.179676,MAN-MADE,Georgetown Lake,>100,MT,NO,WMTNS,WMT,17,Middle Rockies,II,Western Forested Mountains,II,"Western Mountains: High-elevation, cold, deep northern lakes and reservoirs",SO-SO,N,1127.0674,05:>500-5000 ha,11.270674,28.05161,2.357099,8.8,8.8,1944,Yes,Yes,Yes,Yes,Yes,No,No,No,No,Yes, , ,YES,YES,YES,YES,YES,YES,YES,YES,YES,YES,YES,YES,YES,YES (Top only),YES,NOT DONE,YES,YES,YES,YES,YES,YES,YES,8068,1014,531,0.402234464,-113.5499319,45.86796274,-129.1992339,531,NLA06608-1377,-113.549932,45.867963,-1356379.652,1061015.647,-113.55067,45.86664,Index_site,Region_8,NATURAL,Mystic Lake,"(4,10]",MT,NO,WMTNS,WMT,16,Idaho Batholith,II,Western Forested Mountains,II,"Western Mountains: High-elevation, cold, deep northern lakes and reservoirs",REF,Y,7.763532,01: <10 ha,0.077635,1.394079,1.411409,16.3,16.3,2412.81,Yes,Yes,Yes,Yes,Yes,No,No,No,No,Yes, , ,YES,YES,YES,YES,YES,YES,YES,YES,YES,YES,YES,YES,YES,NO,YES,NO CORE SAMPLE,YES,YES,YES,YES,YES,YES,YES,8286,1468
NLA06608-1511,-98.615212,45.53505,MAN-MADE,Richmond,>100,SD,NO,PLNLOW,TPL,46,Northern Glaciated Plains,VI,Corn Belt and Northern Great Plains,VI,"Plains and Lowlands: Higher-elevation, shallow lakes and reservoirs-northern central Plains",SO-SO,N,191.754935,04:>100-500 ha,1.917549,16.438949,3.348851,6.6,6.6,414.2,Yes,Yes,Yes,Yes,Yes,No,No,No,No,Yes, , ,YES,YES,YES,YES,YES,YES,YES,YES,YES,YES,YES,YES,YES,YES (Top only),YES,NOT DONE,YES,YES,YES,YES,YES,YES,YES,8345,1603,524,0.285672123,-98.76204738,45.29000323,-120.9306577,524,NLA06608-1255,-98.762047,45.290003,-216524.3051,874341.0152,-98.76456,45.29181,Index_site,Region_8,NATURAL,Grass Lake,"(20,50]",SD,NO,PLNLOW,TPL,46,Northern Glaciated Plains,VI,Corn Belt and Northern Great Plains,VI,"Plains and Lowlands: Higher-elevation, shallow lakes and reservoirs-northern central Plains",TRASH,N,45.736867,02:>10-50 ha,0.457369,3.598668,1.501079,1.1,1.1,409.3,Yes,Yes,Yes,Yes,Yes,No,No,No,No,Yes, , ,YES,YES,YES,YES,YES,YES,YES,YES,YES,YES,YES,YES,YES,YES (Both),YES,YES,YES,YES,YES,YES,YES,YES,YES,8224,1343
NLA06608-2685,-110.954792,40.683637,MAN-MADE,Trail Lake,"(20,50]",UT,NO,WMTNS,WMT,19,Wasatch and Uinta Mountains,II,Western Forested Mountains,II,"Western Mountains: High-elevation, cold, deep northern lakes and reservoirs",SO-SO,N,26.350055,02:>10-50 ha,0.263501,2.125016,1.167795,12.7,12.7,2992.89,Missing,Missing,Missing,Missing,Missing,Missing,Missing,Missing,Missing,Missing, , ,YES,YES,YES,YES,YES,YES,YES,YES,YES,YES,YES,YES,YES,YES (Both),YES,YES,YES,YES,YES,YES,YES,YES,YES,8604,2779,522,0.193145837,-110.7617077,40.67877769,-1.441648882,522,NLA06608-1183,-110.761708,40.678778,-1232393.177,452139.6793,-110.761323,40.679855,Index_site,Region_8,NATURAL,Dean Lake,"(10,20]",UT,NO,WMTNS,WMT,19,Wasatch and Uinta Mountains,II,Western Forested Mountains,II,"Western Mountains: High-elevation, cold, deep northern lakes and reservoirs",REF,Y,10.958934,02:>10-50 ha,0.109589,1.677033,1.429067,12,12,3277.17,Yes,Yes,Yes,Yes,Yes,No,No,No,No,Yes, , ,YES,YES,YES,YES,YES,YES,YES,YES,YES,YES,YES,YES,YES,YES (Both),YES,YES,YES,YES,YES,YES,YES,YES,YES,8190,1270
NLA06608-1219,-99.453091,47.050847,MAN-MADE,Lake Louise,>100,ND,NO,PLNLOW,NPL,42,Northwestern Glaciated Plains,V,South Central Cultivated Great Plains,V,"Plains and Lowlands: Higher-elevation, shallow lakes and reservoirs-northern central Plains",SO-SO,N,143.194033,04:>100-500 ha,1.43194,10.703628,2.523269,2.2,2.2,530.42, , , , , , , , , , , , ,YES,YES,YES,YES,YES,YES,YES,YES,YES,YES,YES,YES,YES,YES (Both),YES,YES,YES,YES,YES,YES,YES,YES,YES,8208,1307,495,0.162291932,-99.41665043,46.89269882,-77.02415928,495,NLA06608-0707,-99.41665,46.892699,-261428.2501,1053728.481,-99.41194,46.89341,Index_site,Region_8,NATURAL, ,"(10,20]",ND,NO,PLNLOW,NPL,42,Northwestern Glaciated Plains,V,South Central Cultivated Great Plains,V,"Plains and Lowlands: Higher-elevation, shallow lakes and reservoirs-northern central Plains",TRASH,N,43.218989,02:>10-50 ha,0.43219,6.512751,2.794617,3.5,3.5,527.1, , , , , , , , , , , , ,YES,YES,YES,YES,YES,YES,YES,YES,YES,YES,YES,YES,YES,YES (Both),YES,NO LAB DATA,YES,YES,YES,YES,YES,YES,YES,7943,790
NLA06608-1439,-110.226026,40.297894,MAN-MADE,Big Sand Wash,>100,UT,NO,WMTNS,XER,20,Colorado Plateaus,III,Xeric West,III,"Western Mountains: Moderate-elevation, large southern lakes and reservoirs",SO-SO,Y,158.581687,04:>100-500 ha,1.585817,11.136453,2.494683,21,21,1794,Yes,Yes,Yes,Yes,Yes,No,No,No,No,Yes, , ,YES,YES,YES,YES,YES,YES,YES,YES,YES,YES,YES,YES,YES,YES (Top only),YES,NOT DONE,YES,YES,YES,YES,YES,YES,YES,8313,1531,494,0.422785645,-110.3847622,40.68974933,112.0522935,494,NLA06608-0671,-110.384762,40.689749,-1200982.179,448528.1449,-110.384465,40.690895,Index_site,Region_8,NATURAL,Twin Lakes,"(4,10]",UT,NO,WMTNS,WMT,19,Wasatch and Uinta Mountains,II,Western Forested Mountains,II,"Western Mountains: High-elevation, cold, deep northern lakes and reservoirs",SO-SO,Y,5.832267,01: <10 ha,0.058323,1.295517,1.513281,4.3,4.3,3297.74,Yes,Yes,Yes,Yes,Yes,No,No,No,No,Yes, , ,YES,"YES, CLEAR TO BOTTOM",YES,YES,YES,YES,YES,YES,YES,YES,YES,YES,YES,YES (Both),YES,YES,YES,YES,YES,YES,YES,YES,YES,7929,753
NLA06608-1748,-106.393451,39.271084,MAN-MADE,Turquoise Lake,>100,CO,NO,WMTNS,WMT,21,Southern Rockies,II,Western Forested Mountains,II,"Western Mountains: High-elevation, cold, deep northern lakes and reservoirs",REF,N,702.027912,05:>500-5000 ha,7.020279,17.037153,1.813907,35,35,3008,Yes,Yes,Yes,Yes,Yes,No,No,No,No,Yes, , ,YES,YES,YES,YES,YES,YES,YES,YES,YES,YES,YES,YES,YES,YES (Top only),YES,NOT DONE,YES,YES,YES,YES,YES,YES,YES,8425,1841,482,0.262371249,-106.6003635,39.43240936,142.057298,482,NLA06608-0468,-106.600364,39.432409,-902251.6068,266959.6703,-106.59956,39.43229,Index_site,Region_8,NATURAL,Eagle Lake,"(4,10]",CO,NO,WMTNS,WMT,21,Southern Rockies,II,Western Forested Mountains,II,"Western Mountains: High-elevation, cold, deep northern lakes and reservoirs",REF,N,6.780173,01: <10 ha,0.067802,1.222413,1.324319,13.9,13.9,3068.4,Yes,Yes,Yes,Yes,Yes,No,No,No,No,Yes, , ,YES,YES,YES,YES,YES,YES,YES,YES,YES,YES,YES,YES,YES,YES (Both),YES,YES,YES,YES,YES,YES,YES,YES,YES,7816,547
NLA06608-1655,-99.207448,45.274882,MAN-MADE,Loyalton Dam,"(10,20]",SD,NO,PLNLOW,NPL,42,Northwestern Glaciated Plains,V,South Central Cultivated Great Plains,V,"Plains and Lowlands: Higher-elevation, shallow lakes and reservoirs-northern central Plains",TRASH,N,12.79647,02:>10-50 ha,0.127965,2.119757,1.671615,1.5,1.5,495.65,Yes,Yes,Yes,Yes,Yes,No,No,No,No,Yes, , ,YES,YES,YES,YES,YES,YES,YES,YES,YES,YES,YES,YES,YES,YES (Top only),YES,NOT DONE,YES,YES,YES,YES,YES,YES,YES,8395,1747,480,0.369374769,-99.23111059,45.6434979,93.67300732,480,NLA06608-0439,-99.231111,45.643498,-251946.6512,914768.9378,-99.22991,45.64327,Index_site,Region_8,NATURAL, ,"(10,20]",SD,NO,PLNLOW,NPL,42,Northwestern Glaciated Plains,V,South Central Cultivated Great Plains,V,"Plains and Lowlands: Higher-elevation, shallow lakes and reservoirs-northern central Plains",TRASH,N,17.483896,02:>10-50 ha,0.174839,1.941761,1.310001,0.9,0.9,594.19,Yes,Yes,Yes,Yes,Yes,No,No,No,No,Yes, , ,YES,YES,YES,YES,YES,YES,YES,YES,YES,YES,YES,YES,YES,YES (Both),YES,YES,YES,YES,NO,YES,YES,YES,YES,7799,518
NLA06608-0222,-102.939808,48.406893,MAN-MADE,Tioga Dam,"(20,50]",ND,NO,PLNLOW,NPL,42,Northwestern Glaciated Plains,V,South Central Cultivated Great Plains,V,"Plains and Lowlands: Higher-elevation, shallow lakes and reservoirs-northern central Plains",SO-SO,N,20.306579,02:>10-50 ha,0.203066,3.417646,2.139458,3.5,3.5,696.09, , , , , , , , , , , , ,YES,YES,YES,YES,YES,YES,YES,YES,YES,YES,YES,YES,YES,YES (Both),YES,YES,YES,YES,YES,YES,YES,YES,YES,7675,292,477,0.370140838,-103.1433201,48.71606442,123.3549921,477,NLA06608-0384,-103.14332,48.716064,-531071.5663,1270199.696,-103.148211,48.718431,Index_site,Region_8,NATURAL,Willow Lake,"(50,100]",ND,NO,PLNLOW,NPL,42,Northwestern Glaciated Plains,V,South Central Cultivated Great Plains,V,"Plains and Lowlands: Higher-elevation, shallow lakes and reservoirs-northern central Plains",SO-SO,N,70.724618,03:>50-100 ha,0.707246,5.082474,1.704845,1.3,1.5,672.26, , , , , , , , , , , , ,YES,"YES, CLEAR TO BOTTOM",YES,YES,YES,YES,YES,YES,YES,YES,YES,YES,YES,YES (Both),YES,YES,YES,YES,YES,YES,YES,YES,YES,7772,461
NLA06608-0257,-115.225342,48.541395,MAN-MADE,Koocanusa Reservoir,>100,MT,NO,WMTNS,WMT,15,Northern Rockies,II,Western Forested Mountains,II,"Western Mountains: High-elevation, cold, deep northern lakes and reservoirs",SO-SO,N,10127.62131,06:>5000 ha,101.276213,368.039864,10.316591,48.8,48.8,750,Yes,Yes,Yes,Yes,Yes,No,No,No,No,Yes, , ,YES,YES,"YES, PARTIAL",NOT DONE,YES,YES,YES,YES,YES,YES,YES,YES,YES,YES (Top only),YES,NOT DONE,YES,YES,YES,YES,YES,YES,YES,7704,332,453,0.434852427,-115.116608,48.96243381,75.51969907,453,NLA06608-0065,-115.116608,48.962434,-1407582.443,1419361.348,-115.12296,48.95823,Index_site,Region_8,NATURAL,Sophie Lake,"(50,100]",MT,NO,WMTNS,WMT,15,Northern Rockies,II,Western Forested Mountains,II,"Western Mountains: High-elevation, cold, deep northern lakes and reservoirs",SO-SO,N,89.522589,03:>50-100 ha,0.895226,7.365625,2.196031,17.1,17.1,766.43,Yes,Yes,Yes,Yes,Yes,No,No,No,No,Yes, , ,YES,YES,YES,YES,YES,YES,YES,YES,YES,YES,YES,YES,YES,YES (Both),YES,YES,YES,YES,YES,YES,YES,YES,YES,7547,101
NLA06608-R715,-92.4014,42.535944,MAN-MADE,George Wyth Lake, , ,YES,PLNLOW,TPL,47,Western Corn Belt Plains,VI,Corn Belt and Northern Great Plains,VI,Plains and Lowlands: Low-elevation deep lakes and reservoirs-northern central Plains,SO-SO,N,17.860628,02:>10-50 ha,0.178606,1.800885,1.202078,4.3,4.3,258.45,Yes,Yes,Yes,Yes,Yes,No,No,No,No,Yes, , ,YES,YES,YES,YES,YES,YES,YES,YES,YES,YES,YES,YES,YES,YES (Both),YES,YES,YES,YES,YES,YES,YES,YES,YES,8885,5137,439,0.058142797,-92.388594,42.479229,-77.27623346,439,NLA06608-R716,-92.388594,42.479229,294989.2282,563323.7408,-92.38943,42.47851,Index_site,Region_7,NATURAL,Green Belt Lake, , ,YES,PLNLOW,TPL,47,Western Corn Belt Plains,VI,Corn Belt and Northern Great Plains,VI,"Plains and Lowlands: Higher-elevation, shallow lakes and reservoirs-northern central Plains",SO-SO,N,7.408552,01: <10 ha,0.074086,1.133487,1.174748,5.5,5.5,261.92,Yes,Yes,Yes,Yes,Yes,No,No,No,No,Yes, , ,YES,YES,YES,YES,YES,YES,YES,YES,YES,YES,YES,YES,YES,YES (Both),YES,YES,YES,YES,YES,YES,YES,YES,YES,8886,5138
NLA06608-0008,-93.590405,41.292111,MAN-MADE,Lake Ahquabi,"(20,50]",IA,NO,PLNLOW,TPL,47,Western Corn Belt Plains,VI,Corn Belt and Northern Great Plains,VI,Plains and Lowlands: Low-elevation deep lakes and reservoirs-northern central Plains,SO-SO,N,48.737036,02:>10-50 ha,0.48737,5.711381,2.307845,5.5,5.5,261.56,Yes,Yes,Yes,Yes,Yes,No,No,No,No,Yes, , ,YES,YES,YES,YES,YES,YES,YES,YES,YES,YES,YES,YES,YES,YES (Top only),YES,NOT DONE,YES,YES,YES,YES,YES,YES,YES,7481,14,430,0.151502149,-93.5509726,41.43839158,74.9135969,430,NLA06608-2036,-93.550973,41.438392,203069.2759,443900.4121,-93.5525,41.438611,Index_site,Region_7,NATURAL,South Banner Lake,"(4,10]",IA,YES,PLNLOW,TPL,47,Western Corn Belt Plains,VI,Corn Belt and Northern Great Plains,VI,Plains and Lowlands: Low-elevation deep lakes and reservoirs-northern central Plains,SO-SO,Y,6.618376,01: <10 ha,0.066184,1.609873,1.76527,5.8,5.8,238.24,Yes,Yes,Yes,Yes,Yes,No,No,No,No,Yes, , ,YES,YES,YES,YES,YES,YES,YES,YES,YES,YES,YES,YES,YES,YES (Both),YES,YES,YES,YES,YES,YES,YES,YES,YES,8502,2130
NLA06608-0312,-95.546391,38.817175,MAN-MADE, ,"(10,20]",KS,NO,PLNLOW,TPL,40,Central Irregular Plains,IX,Southeastern Temperate Forested Plains and Hills,IX,"Plains and Lowlands: Higher-elevation, shallow lakes and reservoirs-northern central Plains",SO-SO,N,11.859748,02:>10-50 ha,0.118597,1.894828,1.552127,3.5,3.5,320.12,Yes,Yes,Yes,Yes,Yes,No,No,No,No,Yes, , ,YES,YES,YES,YES,YES,YES,YES,YES,YES,YES,YES,YES,YES,YES (Top only),YES,NOT DONE,YES,YES,YES,YES,YES,YES,YES,7732,388,418,0.323743732,-95.2899994,39.01484504,37.63121846,418,NLA06608-1036,-95.289999,39.014845,60906.38613,170015.2363,-95.2952,39.01119,Index_site,Region_7,NATURAL,Lake View Lake,"(10,20]",KS,YES,PLNLOW,TPL,40,Central Irregular Plains,IX,Southeastern Temperate Forested Plains and Hills,IX,"Plains and Lowlands: Higher-elevation, shallow lakes and reservoirs-northern central Plains",SO-SO,N,11.844271,02:>10-50 ha,0.118443,1.560001,1.278692,4.2,4.5,250.08,Yes,Yes,Yes,Yes,Yes,No,No,No,No,Yes, , ,YES,YES,YES,YES,YES,YES,YES,YES,YES,YES,YES,YES,YES,YES (Both),YES,YES,YES,YES,YES,YES,YES,YES,YES,8122,1121
NLA06608-1608,-93.387004,32.401694,MAN-MADE,Lake Bistineau,>100,LA,YES,PLNLOW,CPL,35,South Central Plains,IX,Southeastern Temperate Forested Plains and Hills,IX,Plains and Lowlands: Low-elevation shallow warm lakes and reservoirs-southern and Coastal Plain(s),REF,N,6276.010457,06:>5000 ha,62.760105,154.16422,5.489551,5,5,42.57,Yes,Yes,Yes,Yes,Yes,No,No,No,No,Yes, , ,YES,YES,YES,NOT DONE,YES,YES,YES,YES,YES,YES,YES,YES,YES,YES (Top only),YES,NOT DONE,YES,YES,YES,YES,YES,YES,YES,8379,1700,403,0.327760903,-93.48976305,32.09045845,-108.2714523,403,NLA06608-4698,-93.489763,32.090458,235775.182,-601811.0605,-93.47166,32.08934,Index_site,Region_6,NATURAL,Wilson Lake,"(20,50]",LA,NO,PLNLOW,CPL,35,South Central Plains,IX,Southeastern Temperate Forested Plains and Hills,IX,Plains and Lowlands: Low-elevation shallow warm lakes and reservoirs-southern and Coastal Plain(s),SO-SO,N,38.530728,02:>10-50 ha,0.385307,10.824339,4.919182,3,3,37.95, , , , , , , , , , , , ,YES,YES,YES,YES,YES,YES,YES,YES,YES,YES,YES,YES,YES,YES (Top only),YES,YES (LOST SAMPLE),YES,YES,YES,YES,YES,YES,YES,8682,4792
NLA06608-0328,-93.870234,32.515555,MAN-MADE,Cross Lake,>100,LA,YES,PLNLOW,CPL,35,South Central Plains,IX,Southeastern Temperate Forested Plains and Hills,IX,Plains and Lowlands: Low-elevation shallow warm lakes and reservoirs-southern and Coastal Plain(s),SO-SO,N,3351.525738,05:>500-5000 ha,33.515257,94.232965,4.591733,3.5,3.5,51.51,Yes,Yes,Yes,Yes,Yes,No,No,No,No,Yes, , ,YES,YES,YES,YES,YES,YES,YES,YES,YES,YES,YES,YES,YES,YES (Top only),YES,NOT DONE,YES,YES,YES,YES,YES,YES,YES,7741,405,401,0.258341605,-94.07719555,32.67017525,143.2366816,401,NLA06608-1800,-94.077196,32.670175,179301.3557,-538478.0171,-94.0205,32.70254,Index_site,Region_6,NATURAL,Caddo Lake,>100,LA,YES,PLNLOW,CPL,35,South Central Plains,IX,Southeastern Temperate Forested Plains and Hills,IX,Plains and Lowlands: Low-elevation shallow warm lakes and reservoirs-southern and Coastal Plain(s),REF,N,10737.8312,06:>5000 ha,107.378312,372.941052,10.152593,3.1,3.1,51.21,Yes,Yes,Yes,Yes,Yes,No,No,No,No,Yes, , ,YES,YES,YES,NOT DONE,YES,YES,YES,YES,YES,YES,YES,YES,YES,YES (Both),YES,NO LAB DATA,YES,YES,YES,YES,YES,YES,YES,8441,1893
NLA06608-0711,-93.111403,30.751073,MAN-MADE,Bunkick Lake,>100,LA,NO,PLNLOW,CPL,35,South Central Plains,IX,Southeastern Temperate Forested Plains and Hills,IX,Plains and Lowlands: Low-elevation shallow warm lakes and reservoirs-southern and Coastal Plain(s),SO-SO,N,624.012216,05:>500-5000 ha,6.240122,24.499577,2.766668,6.5,6.5,27.67,Yes,Yes,Yes,Yes,Yes,No,No,No,No,Yes, , ,YES,YES,YES,YES,YES,YES,YES,YES,YES,YES,YES,YES,YES,YES (Top only),YES,NOT DONE,YES,YES,YES,YES,YES,YES,YES,7946,794,400,0.335763672,-93.43654813,30.83484459,165.5523757,400,NLA06608-1735,-93.436548,30.834845,244541.6365,-741384.9482,-93.43737,30.83534,Index_site,Region_6,NATURAL, ,"(4,10]",LA,NO,PLNLOW,CPL,35,South Central Plains,IX,Southeastern Temperate Forested Plains and Hills,IX,Plains and Lowlands: Low-elevation shallow warm lakes and reservoirs-southern and Coastal Plain(s),REF,Y,6.415677,01: <10 ha,0.064157,1.205147,1.34219,2.6,2.6,49.92, , , , , , , , ,No, , , ,"NOT DONE, GEAR FAILURE",YES,YES,YES,YES,YES,YES,YES,YES,YES,YES,YES,YES,YES (Both),YES,YES,YES,YES,YES,YES,YES,YES,YES,8419,1828
NLA06608-1103,-83.1404,40.209255,MAN-MADE,O'Shaughnessey Reservoir,>100,OH,YES,PLNLOW,TPL,55,Eastern Corn Belt Plains,VI,Corn Belt and Northern Great Plains,VI,Plains and Lowlands: Low-elevation deep lakes and reservoirs-northern central Plains,TRASH,N,367.9788,04:>100-500 ha,3.679788,36.657712,5.390748,12,12,257.81,Yes,Yes,Yes,Yes,Yes,No,No,No,No,Yes, , ,YES,YES,YES,YES,YES,YES,YES,YES,YES,YES,YES,YES,YES,YES (Top only),YES,NOT DONE,YES,YES,YES,YES,YES,YES,YES,8151,1189,388,0.167585322,-83.032824,40.080755,-50.06518705,388,NLA06608-OH:22,-83.032824,40.080755,1092683.91,363903.0853,-83.03332,40.08082,Index_site,Region_5,NATURAL,Miller Antrim Lake, , ,YES,PLNLOW,TPL,55,Eastern Corn Belt Plains,VI,Corn Belt and Northern Great Plains,VI,Plains and Lowlands: Low-elevation deep lakes and reservoirs-northern central Plains,SO-SO,N,13.04386,02:>10-50 ha,0.130439,1.639851,1.280845,8.8,8.8,226.6,Missing,Missing,Missing,Missing,Missing,Missing,Missing,Missing,Missing,Missing, , ,YES,YES,YES,YES,YES,YES,YES,YES,YES,YES,YES,YES,YES,YES (Both),YES,YES,YES,YES,YES,YES,YES,YES,YES,8851,5104
NLA06608-0175,-84.687054,39.68102,MAN-MADE,Lake Lakengren,"(50,100]",OH,NO,PLNLOW,TPL,55,Eastern Corn Belt Plains,VI,Corn Belt and Northern Great Plains,VI,Plains and Lowlands: Low-elevation deep lakes and reservoirs-northern central Plains,SO-SO,N,82.48246,03:>50-100 ha,0.824825,11.414977,3.545597,6.6,6.6,311.68,Yes,Yes,Yes,Yes,Yes,No,No,No,No,Yes, , ,YES,YES,YES,YES,YES,YES,YES,YES,YES,YES,YES,YES,YES,YES (Top only),YES,NOT DONE,YES,YES,YES,YES,YES,YES,YES,7640,241,387,0.418236827,-84.269652,39.707435,3.621040468,387,NLA06608-OH:19,-84.269652,39.707435,994170.4374,308843.588,-84.27058,39.70773,Index_site,Region_5,NATURAL,Argonne Lake, , ,YES,PLNLOW,TPL,55,Eastern Corn Belt Plains,VI,Corn Belt and Northern Great Plains,VI,Plains and Lowlands: Low-elevation deep lakes and reservoirs-northern central Plains,SO-SO,N,4.793567,01: <10 ha,0.047936,1.030826,1.328162,2.4,2.4,251.26,Missing,Missing,Missing,Missing,Missing,Missing,Missing,Missing,Missing,Missing, , ,YES,YES,YES,YES,YES,YES,YES,YES,YES,YES,YES,YES,YES,YES (Both),YES,YES,YES,YES,YES,YES,YES,YES,YES,8850,5103
NLA06608-0399,-83.996701,42.423042,MAN-MADE,Hi-Land Lake,"(10,20]",MI_LP,YES,PLNLOW,UMW,56,Southern Michigan/Northern Indiana Drift Plains,VII,Mostly Glaciated Dairy Region,VII,"Plains and Lowlands: Higher-elevation, shallow lakes and reservoirs-northern central Plains",SO-SO,N,18.730811,02:>10-50 ha,0.187308,3.199262,2.085291,3.5,3.5,268.4,Yes,Yes,Yes,Yes,Yes,No,No,No,No,Yes, , ,YES,YES,YES,YES,YES,YES,YES,YES,YES,YES,YES,YES,YES,YES (Both),YES,YES,YES,YES,YES,YES,YES,YES,YES,7780,477,373,0.064870139,-84.056809,42.398646,-157.9090371,373,NLA06608-MI:7007,-84.056809,42.398646,974349.0786,610014.6174,-84.05688,42.398,Index_site,Region_5,NATURAL,Sullivan Lake, , ,YES,PLNLOW,UMW,56,Southern Michigan/Northern Indiana Drift Plains,VII,Mostly Glaciated Dairy Region,VII,"Plains and Lowlands: Higher-elevation, shallow lakes and reservoirs-northern central Plains",REF,Y,9.961267,01: <10 ha,0.099613,1.460279,1.30519,6.7,6.7,274.96,Yes,Yes,Yes,Yes,Yes,No,No,No,No,Yes, , ,YES,YES,YES,YES,YES,YES,YES,YES,YES,YES,YES,YES,YES,YES (Both),YES,NO LAB DATA,YES,YES,YES,YES,YES,YES,YES,8823,5076
NLA06608-1179,-88.12383,42.28383,MAN-MADE,Mutton Lake,"(20,50]",IL,YES,PLNLOW,TPL,54,Central Corn Belt Plains,VI,Corn Belt and Northern Great Plains,VI,"Plains and Lowlands: Higher-elevation, shallow lakes and reservoirs-northern central Plains",SO-SO,N,34.782929,02:>10-50 ha,0.347829,4.631948,2.21552,1.5,1.5,238.86,Yes,Yes,Yes,Yes,Yes,No,No,No,No,Yes, , ,YES,YES,YES,YES,YES,YES,YES,YES,YES,YES,YES,YES,YES,NO,YES,NO CORE SAMPLE,YES,NO,YES,YES,YES,NO,YES,8188,1266,335,0.08927282,-88.10342481,42.19692077,-76.78712245,335,NLA06608-1435,-88.103425,42.196921,647046.2614,553049.4956,-88.10452,42.1977,Index_site,Region_5,NATURAL,Lake Zurick,"(50,100]",IL,YES,PLNLOW,TPL,54,Central Corn Belt Plains,VI,Corn Belt and Northern Great Plains,VI,"Plains and Lowlands: Higher-elevation, shallow lakes and reservoirs-northern central Plains",TRASH,N,88.504526,03:>50-100 ha,0.885045,3.989717,1.19634,2.1,2.1,257.23, , , , , , , , , , , , ,YES,YES,YES,YES,YES,YES,YES,YES,YES,YES,YES,YES,YES,NO,YES,NO CORE SAMPLE,YES,YES,YES,YES,YES,NO,YES,8311,1527
NLA06608-1654,-87.460652,46.574034,MAN-MADE,Forestville Basin,"(20,50]",MI_UP,YES,PLNLOW,UMW,50,Northern Lakes and Forests,VIII,Nutrient Poor Largely Glaciated Upper Midwest and Northeast,VIII,Plains and Lowlands: Low-elevation deep lakes and reservoirs-northern central Plains,REF,N,35.700072,02:>10-50 ha,0.357001,3.766225,1.778144,7.2,7.2,234.74,Yes,Yes,Yes,Yes,Yes,No,No,No,No,Yes, , ,YES,YES,YES,YES,YES,YES,YES,YES,YES,YES,YES,YES,YES,YES (Top only),YES,NOT DONE,YES,NO,YES,YES,YES,YES,YES,8394,1746,333,0.404277655,-87.08228263,46.43163694,-20.62357303,333,NLA06608-1398,-87.082283,46.431637,686279.2032,1030176.463,-87.08392,46.43175,Index_site,Region_5,NATURAL,Howe Lake,"(20,50]",MI_UP,NO,PLNLOW,UMW,50,Northern Lakes and Forests,VIII,Nutrient Poor Largely Glaciated Upper Midwest and Northeast,VIII,"Plains and Lowlands: Higher-elevation, shallow lakes and reservoirs-northern central Plains",REF,N,36.231378,02:>10-50 ha,0.362314,2.615833,1.225922,1,1,253.05,Yes,Yes,Yes,Yes,Yes,No,No,No,No,Missing, , ,YES,YES,YES,YES,YES,YES,YES,YES,YES,YES,YES,YES,YES,YES (Both),YES,YES,YES,YES,YES,YES,YES,YES,YES,8297,1490
NLA06608-0367,-81.220895,41.364969,MAN-MADE,La Due Reservoir,>100,OH,YES,EHIGH,NAP,61,Erie Drift Plain,VII,Mostly Glaciated Dairy Region,VII,E. Highlands: Cold northern lakes and reservoirs,TRASH,N,568.346346,05:>500-5000 ha,5.683463,30.564666,3.616664,6.4,6.4,337, , , , , , , , , , , , ,YES,YES,YES,YES,YES,YES,YES,YES,YES,YES,YES,YES,YES,YES (Top only),YES,NOT DONE,YES,YES,YES,YES,YES,YES,YES,7765,444,332,0.169122116,-81.3860772,41.32867877,-167.6089919,332,NLA06608-1391,-81.386077,41.328679,1209006.642,522145.25,-81.38468,41.33288,Index_site,Region_5,NATURAL,Aurora Pond,>100,OH,YES,EHIGH,NAP,61,Erie Drift Plain,VII,Mostly Glaciated Dairy Region,VII,E. Highlands: Cold northern lakes and reservoirs,TRASH,N,137.970781,04:>100-500 ha,1.379708,8.295212,1.992182,4.3,4.3,306.74,Yes,Yes,Yes,Yes,Yes,No,No,No,No,Yes, , ,YES,YES,YES,YES,YES,YES,YES,YES,YES,YES,YES,YES,YES,YES (Both),YES,YES,YES,YES,YES,YES,YES,YES,YES,8294,1483
NLA06608-0363,-85.33089,41.934607,MAN-MADE,Palmer Lake,>100,MI_LP,NO,PLNLOW,UMW,56,Southern Michigan/Northern Indiana Drift Plains,VII,Mostly Glaciated Dairy Region,VII,Plains and Lowlands: Low-elevation deep lakes and reservoirs-northern central Plains,TRASH,N,294.593783,04:>100-500 ha,2.945938,21.879203,3.595959,13,13,258.64,Yes,Yes,Yes,Yes,Yes,No,No,No,No,Yes, , ,YES,YES,YES,YES,YES,YES,YES,YES,YES,YES,YES,YES,YES,YES (Both),YES,YES,YES,YES,YES,YES,YES,YES,YES,7763,440,330,0.349842046,-85.5734717,42.18668508,133.9001854,330,NLA06608-1387,-85.573472,42.186685,853745.2166,571888.0365,-85.57176,42.18287,Index_site,Region_5,NATURAL,West Lake,>100,MI_LP,YES,PLNLOW,UMW,56,Southern Michigan/Northern Indiana Drift Plains,VII,Mostly Glaciated Dairy Region,VII,"Plains and Lowlands: Higher-elevation, shallow lakes and reservoirs-northern central Plains",SO-SO,N,131.814312,04:>100-500 ha,1.318143,4.469191,1.098102,2.7,2.7,260.47,Yes,Yes,Yes,Yes,Yes,No,No,No,No,Yes, , ,YES,YES,YES,YES,YES,YES,YES,YES,YES,YES,YES,YES,YES,YES (Both),YES,NO LAB DATA,YES,YES,YES,YES,YES,YES,YES,8290,1478
NLA06608-0783,-84.324003,40.381215,MAN-MADE,Lake Lorraine,>100,OH,YES,PLNLOW,TPL,55,Eastern Corn Belt Plains,VI,Corn Belt and Northern Great Plains,VI,"Plains and Lowlands: Higher-elevation, shallow lakes and reservoirs-northern central Plains",TRASH,N,327.119426,04:>100-500 ha,3.271194,38.097672,5.942105,1,1,291.82,Yes,Yes,Yes,Yes,Yes,No,No,No,No,Yes, , ,YES,YES,YES,YES,YES,YES,YES,YES,YES,YES,YES,YES,YES,YES (Top only),YES,NOT DONE,YES,YES,YES,YES,YES,YES,YES,7986,866,327,0.407007663,-83.96549218,40.18853553,-28.25562675,327,NLA06608-1359,-83.965492,40.188536,1013004.155,365541.6923,-83.95808,40.18695,Index_site,Region_5,NATURAL,Kiser Lake,>100,OH,YES,PLNLOW,TPL,55,Eastern Corn Belt Plains,VI,Corn Belt and Northern Great Plains,VI,"Plains and Lowlands: Higher-elevation, shallow lakes and reservoirs-northern central Plains",SO-SO,Y,152.662467,04:>100-500 ha,1.526625,7.649121,1.746387,4,4,325.75,Yes,Yes,Yes,Yes,Yes,No,No,No,No,Yes, , ,YES,YES,YES,YES,YES,YES,YES,YES,YES,YES,YES,YES,YES,YES (Top only),YES,NOT DONE,YES,YES,YES,YES,YES,YES,YES,8275,1450
NLA06608-2219,-86.408457,41.299776,MAN-MADE,Lake Latonka,"(20,50]",IN,YES,PLNLOW,UMW,56,Southern Michigan/Northern Indiana Drift Plains,VII,Mostly Glaciated Dairy Region,VII,"Plains and Lowlands: Higher-elevation, shallow lakes and reservoirs-northern central Plains",TRASH,N,31.258662,02:>10-50 ha,0.312587,4.490729,2.265827,3.6,3.6,229.81,Missing,Missing,Missing,Missing,Missing,Missing,Missing,Missing,Missing,Missing, , ,YES,YES,YES,YES,YES,YES,YES,YES,YES,YES,YES,YES,YES,YES (Top only),YES,NOT DONE,YES,YES,YES,YES,YES,YES,YES,8543,2313,323,0.09530428,-86.40554386,41.2045164,-88.24863528,323,NLA06608-1355,-86.405544,41.204516,796932.1262,455366.1177,-86.4033,41.20636,Index_site,Region_5,NATURAL,Lake Maxin Kuckee,>100,IN,NO,PLNLOW,UMW,56,Southern Michigan/Northern Indiana Drift Plains,VII,Mostly Glaciated Dairy Region,VII,Plains and Lowlands: Low-elevation deep lakes and reservoirs-northern central Plains,SO-SO,N,744.976884,05:>500-5000 ha,7.449769,11.645756,1.203625,26,26,223.18,Missing,Missing,Missing,Missing,Missing,Missing,Missing,Missing,Missing,Missing,IM,"Field lat/long originally recorded in decimal minutes (41.12382, -86.24198)",YES,YES,YES,YES,YES,YES,YES,YES,YES,YES,YES,YES,YES,YES (Top only),YES,NOT DONE,YES,YES,YES,YES,YES,YES,YES,8270,1445
NLA06608-1802,-83.085412,42.724557,MAN-MADE,Stony Creek Lake,>100,MI_LP,YES,PLNLOW,UMW,56,Southern Michigan/Northern Indiana Drift Plains,VII,Mostly Glaciated Dairy Region,VII,"Plains and Lowlands: Higher-elevation, shallow lakes and reservoirs-northern central Plains",SO-SO,N,191.875054,04:>100-500 ha,1.918751,10.502377,2.138816,6.3,6.3,244.31,Missing,Missing,Missing,Missing,Missing,Missing,Missing,Missing,Missing,Missing, , ,YES,YES,YES,YES,YES,YES,YES,YES,YES,YES,YES,YES,YES,YES (Top only),YES,NOT DONE,YES,YES,YES,YES,YES,YES,YES,8442,1895,290,0.226082735,-83.3105724,42.74496123,174.8219435,290,NLA06608-1034,-83.310572,42.744961,1029723.396,656269.9758,-83.31105,42.74526,Index_site,Region_5,NATURAL,Mill Lake,"(10,20]",MI_LP,YES,PLNLOW,UMW,56,Southern Michigan/Northern Indiana Drift Plains,VII,Mostly Glaciated Dairy Region,VII,"Plains and Lowlands: Higher-elevation, shallow lakes and reservoirs-northern central Plains",SO-SO,N,11.222389,02:>10-50 ha,0.112224,1.454307,1.22464,9,9,301.57,Yes,Yes,Yes,Yes,Yes,No,No,No,No,Yes, , ,YES,YES,YES,YES,YES,YES,YES,YES,YES,YES,YES,YES,YES,YES (Both),YES,YES,YES,YES,YES,YES,YES,YES,YES,8120,1119
NLA06608-1782,-83.795825,42.516914,MAN-MADE,Lake Brighton,"(50,100]",MI_LP,YES,PLNLOW,UMW,56,Southern Michigan/Northern Indiana Drift Plains,VII,Mostly Glaciated Dairy Region,VII,"Plains and Lowlands: Higher-elevation, shallow lakes and reservoirs-northern central Plains",SO-SO,N,63.784737,03:>50-100 ha,0.637847,4.692236,1.657359,3,3,274.5,Missing,Missing,Missing,Missing,Missing,Missing,Missing,Missing,Missing,Missing, , ,YES,YES,YES,YES,YES,YES,YES,YES,YES,YES,YES,YES,YES,YES (Both),YES,YES,YES,YES,YES,YES,YES,YES,YES,8436,1875,288,0.082159961,-83.84598941,42.58198097,127.6311188,288,NLA06608-1014,-83.845989,42.581981,988841.0145,632523.2719,-83.85224,42.58522,Index_site,Region_5,NATURAL,Lake Chemung,>100,MI_LP,YES,PLNLOW,UMW,56,Southern Michigan/Northern Indiana Drift Plains,VII,Mostly Glaciated Dairy Region,VII,Plains and Lowlands: Low-elevation deep lakes and reservoirs-northern central Plains,SO-SO,N,120.0881,04:>100-500 ha,1.200881,7.283319,1.874884,21.1,21.1,291.26,Yes,Yes,Yes,Yes,Yes,No,No,No,No,Yes, , ,YES,YES,YES,YES,YES,YES,YES,YES,YES,YES,YES,YES,YES,YES (Both),YES,YES,YES,YES,YES,YES,YES,YES,YES,8114,1099
NLA06608-2708,-86.495331,39.542176,MAN-MADE,Whippoorwill Lake,"(10,20]",IN,NO,EHIGH,SAP,71,Interior Plateau,IX,Southeastern Temperate Forested Plains and Hills,IX,"E. Highlands: Large, warm, and deep reservoirs",SO-SO,N,10.883282,02:>10-50 ha,0.108833,2.16338,1.849899,6.4,6.4,229.37,Missing,Missing,Missing,Missing,Missing,Missing,Missing,Missing,Missing,Missing, , ,YES,YES,YES,YES,YES,YES,YES,YES,YES,YES,YES,YES,YES,YES (Top only),YES,NOT DONE,YES,YES,YES,YES,YES,YES,YES,8607,2802,259,0.332571942,-86.21162845,39.71571919,31.45442075,259,NLA06608-0660,-86.211628,39.715719,830129.1646,291125.8535,-86.219444,39.7275,Index_site,Region_5,NATURAL,Strakis Lake,"(10,20]",IN,YES,PLNLOW,TPL,55,Eastern Corn Belt Plains,VI,Corn Belt and Northern Great Plains,VI,Plains and Lowlands: Low-elevation deep lakes and reservoirs-northern central Plains,TRASH,N,18.960187,02:>10-50 ha,0.189602,1.854495,1.201432,8.5,8.5,211.85,Yes,Yes,Yes,Yes,Yes,No,No,No,No,Yes, , ,YES,YES,YES,YES,YES,YES,YES,YES,YES,YES,YES,YES,YES,YES (Both),YES,YES,YES,YES,YES,YES,YES,YES,YES,7924,742
NLA06608-0846,-89.891231,45.705583,MAN-MADE,Willow Reservoir,>100,WI,NO,PLNLOW,UMW,50,Northern Lakes and Forests,VIII,Nutrient Poor Largely Glaciated Upper Midwest and Northeast,VIII,Plains and Lowlands: Low-elevation deep lakes and reservoirs-northern central Plains,SO-SO,N,1780.118547,05:>500-5000 ha,17.801185,110.402444,7.381579,4.9,4.9,464.14,Yes,Yes,Yes,Yes,Yes,No,No,No,No,Yes, , ,YES,YES,YES,YES,YES,YES,YES,YES,YES,YES,YES,YES,YES,YES (Top only),YES,NOT DONE,YES,YES,YES,YES,YES,YES,YES,8020,930,251,0.203686291,-89.91696268,45.9076374,97.25746058,251,NLA06608-0590,-89.916963,45.907637,472217.3662,954939.4652,-89.917723,45.908911,Index_site,Region_5,NATURAL,Haskell Lake,"(20,50]",WI,NO,PLNLOW,UMW,50,Northern Lakes and Forests,VIII,Nutrient Poor Largely Glaciated Upper Midwest and Northeast,VIII,"Plains and Lowlands: Higher-elevation, shallow lakes and reservoirs-northern central Plains",REF,N,36.869684,02:>10-50 ha,0.368697,3.377841,1.569277,3.2,3.2,476.12,Yes,Yes,Yes,Yes,Yes,No,No,No,No,Yes, , ,YES,YES,YES,YES,YES,YES,YES,NO,YES,YES,YES,YES,YES,YES (Both),YES,YES,YES,YES,YES,YES,YES,YES,YES,7884,672
NLA06608-1115,-87.529597,41.638973,MAN-MADE,Powderhorn,"(20,50]",IL,YES,PLNLOW,TPL,54,Central Corn Belt Plains,VI,Corn Belt and Northern Great Plains,VI,Plains and Lowlands: Low-elevation deep lakes and reservoirs-northern central Plains,SO-SO,N,37.637865,02:>10-50 ha,0.376379,3.782106,1.739067,4.9,4.9,177.59,Yes,Yes,Yes,Yes,Yes,No,No,No,No,Yes, , ,YES,YES,YES,YES,YES,YES,YES,YES,YES,YES,YES,YES,YES,YES (Top only),YES,NOT DONE,YES,YES,YES,YES,YES,YES,YES,8158,1202,202,0.286610743,-87.43213825,41.36944118,-70.12069037,202,NLA06608-0091,-87.432138,41.369441,710244.2113,465604.104,-87.43222,41.374167,Index_site,Region_5,NATURAL,Cedar Lake,>100,IN,YES,PLNLOW,TPL,54,Central Corn Belt Plains,VI,Corn Belt and Northern Great Plains,VI,Plains and Lowlands: Low-elevation deep lakes and reservoirs-northern central Plains,TRASH,N,305.567908,04:>100-500 ha,3.055679,9.227933,1.489175,3.7,3.7,211.77,Yes,Yes,Yes,Yes,Yes,No,No,No,No,Yes, , ,YES,YES,YES,YES,YES,YES,YES,YES,YES,YES,YES,YES,YES,YES (Both),YES,NO LAB DATA,YES,YES,YES,YES,YES,YES,YES,7584,146
NLA06608-0463,-83.520982,42.211764,MAN-MADE,Belleville Lake,>100,MI_LP,YES,PLNLOW,UMW,56,Southern Michigan/Northern Indiana Drift Plains,VII,Mostly Glaciated Dairy Region,VII,"Plains and Lowlands: Higher-elevation, shallow lakes and reservoirs-northern central Plains",SO-SO,N,272.751359,04:>100-500 ha,2.727514,17.457197,2.981852,5.8,5.8,198.31,Yes,Yes,Yes,Yes,Yes,No,No,No,No,Yes, , ,YES,YES,YES,YES,YES,YES,YES,YES,YES,YES,YES,YES,YES,YES (Top only),YES,NOT DONE,YES,YES,YES,YES,YES,YES,YES,7813,542,198,0.406746175,-83.50588771,42.61823014,87.8732555,198,NLA06608-0010,-83.505888,42.61823,1015822.849,640128.173,-83.50436,42.62049,Index_site,Region_5,NATURAL,Bogie Lake,"(20,50]",MI_LP,YES,PLNLOW,UMW,56,Southern Michigan/Northern Indiana Drift Plains,VII,Mostly Glaciated Dairy Region,VII,Plains and Lowlands: Low-elevation deep lakes and reservoirs-northern central Plains,SO-SO,N,30.037332,02:>10-50 ha,0.300373,2.423468,1.247388,11.7,11.8,284.65,Yes,Yes,Yes,Yes,Yes,No,No,No,No,Yes, , ,YES,YES,YES,YES,YES,YES,YES,YES,YES,YES,YES,YES,YES,YES (Both),YES,YES,YES,YES,YES,YES,YES,YES,YES,7483,17
NLA06608-0869,-75.025359,41.413934,MAN-MADE,Lake Greeley,"(20,50]",PA,NO,EHIGH,NAP,62,North Central Appalachians,VIII,Nutrient Poor Largely Glaciated Upper Midwest and Northeast,VIII,E. Highlands: Cold northern lakes and reservoirs,TRASH,N,29.106581,02:>10-50 ha,0.291066,4.2697,2.232527,1.6,1.6,361.42,Yes,Yes,Yes,Yes,Yes,No,No,No,No,Yes, , ,YES,YES,YES,YES,YES,YES,YES,YES,YES,YES,YES,YES,YES,YES (Top only),YES,NOT DONE,YES,YES,YES,YES,YES,YES,YES,8035,954,163,0.30057113,-75.13142213,41.69516992,110.6631138,163,NLA06608-1637,-75.131422,41.69517,1710444.505,658579.8731,-75.13296,41.69574,Index_site,Region_3,NATURAL,Laurel Lake,"(20,50]",PA,NO,EHIGH,NAP,60,Northern Appalachian Plateau and Uplands,VII,Mostly Glaciated Dairy Region,VII,E. Highlands: Cold northern lakes and reservoirs,SO-SO,Y,20.126577,02:>10-50 ha,0.201266,1.81193,1.139335,7.6,7.6,384.84,Missing,Missing,Missing,Missing,Missing,Missing,Missing,Missing,Missing,Missing, , ,YES,YES,YES,YES,YES,YES,YES,YES,YES,YES,YES,YES,YES,YES (Both),YES,YES,YES,YES,YES,YES,YES,YES,YES,8387,1729
NLA06608-0285,-75.562273,38.559487,MAN-MADE,Records Pond,"(10,20]",DE,YES,PLNLOW,CPL,63,Middle Atlantic Coastal Plain,XIV,Eastern Coastal Plain,CPL,Plains and Lowlands: Low-elevation shallow warm lakes and reservoirs-southern and Coastal Plain(s),SO-SO,N,34.458845,02:>10-50 ha,0.344588,4.701421,2.259301,1.7,1.7,1.55,Yes,Yes,Yes,Yes,Yes,No,No,No,No,Yes,IM,Same lake as site 0385,YES,YES,YES,YES,YES,YES,YES,YES,YES,YES,YES,YES,YES,YES (Both),YES,YES,YES,YES,YES,YES,YES,YES,YES,7718,360,161,0.182362487,-75.59661445,38.38038763,-100.8543853,161,NLA06608-1389,-75.596614,38.380388,1752026.735,287477.8884,-75.59737,38.3835,Index_site,Region_3,NATURAL,Johnson Pond,"(50,100]",MD,YES,PLNLOW,CPL,63,Middle Atlantic Coastal Plain,XIV,Eastern Coastal Plain,CPL,Plains and Lowlands: Low-elevation shallow warm lakes and reservoirs-southern and Coastal Plain(s),SO-SO,N,52.587745,03:>50-100 ha,0.525877,8.000647,3.112274,1.8,1.8,2.91,Yes,Yes,Yes,Yes,Yes,No,No,No,No,Yes, , ,YES,YES,YES,YES,YES,YES,YES,YES,YES,YES,YES,YES,YES,YES (Top only),YES,NOT DONE,YES,YES,YES,YES,YES,YES,YES,8291,1481
NLA06608-1365,-76.068885,42.974302,MAN-MADE,Jamesville Reservoir,"(50,100]",NY,YES,EHIGH,NAP,83,Eastern Great Lakes and Hudson Lowlands,VII,Mostly Glaciated Dairy Region,VII,E. Highlands: Cold northern lakes and reservoirs,SO-SO,N,87.909661,03:>50-100 ha,0.879097,5.920766,1.781372,5.7,5.7,347.24,Yes,Yes,Yes,Yes,Yes,No,No,No,No,Yes, , ,YES,YES,YES,YES,YES,YES,YES,YES,YES,YES,YES,YES,YES,YES (Top only),YES,NOT DONE,YES,YES,YES,YES,YES,YES,YES,8278,1456,153,0.269680343,-75.93516194,43.20849339,60.27378238,153,NLA06608-0341,-75.935162,43.208493,1610114.265,809813.2892,-75.9243,43.1807,Index_site,Region_2,NATURAL,Oneida Lake,>100,NY,YES,EHIGH,NAP,83,Eastern Great Lakes and Hudson Lowlands,VII,Mostly Glaciated Dairy Region,VII,E. Highlands: Cold northern lakes and reservoirs,SO-SO,N,20700.45539,06:>5000 ha,207.004554,108.340146,2.124196,11.5,11.5,112.31,Yes,Yes,Yes,Yes,Yes,No,No,No,No,Yes, , ,YES,YES,YES,NOT DONE,YES,YES,YES,YES,YES,YES,YES,YES,YES,YES (Both),YES,NO LAB DATA,YES,YES,YES,YES,YES,YES,YES,7751,418
NLA06608-1333,-73.590075,43.454622,MAN-MADE,Sly Pond,"(10,20]",NY,NO,EHIGH,NAP,58,Northeastern Highlands,VIII,Nutrient Poor Largely Glaciated Upper Midwest and Northeast,VIII,E. Highlands: Cold northern lakes and reservoirs,REF,N,16.640666,02:>10-50 ha,0.166407,2.175537,1.504445,14.9,14.9,279.34,Missing,Missing,Missing,Missing,Missing,Missing,Missing,Missing,Missing,Missing, , ,"YES, PARTIAL PROFILE",YES,YES,YES,YES,YES,YES,YES,YES,YES,YES,YES,YES,YES (Both),YES,YES,YES,YES,YES,YES,YES,YES,YES,8257,1421,150,0.182667119,-73.43960723,43.55819295,34.54064074,150,NLA06608-0053,-73.439607,43.558193,1797627.812,892625.6786,-73.46221,43.54476,Index_site,Region_2,NATURAL,South Bay Lake Champlain,>100,NY,YES,EHIGH,NAP,83,Eastern Great Lakes and Hudson Lowlands,VII,Mostly Glaciated Dairy Region,VII,E. Highlands: Cold northern lakes and reservoirs,SO-SO,N,470.73915,06:>5000 ha,4.709098,23.455266,3.049064,5.3,5.3,28.85,Yes,Yes,Yes,Yes,Yes,No,No,No,No,Yes, , ,YES,YES,YES,YES,YES,YES,YES,YES,YES,YES,YES,YES,YES,YES (Both),YES,NO LAB DATA,YES,YES,YES,YES,YES,YES,YES,7535,85
NLA06608-2082,-122.600822,42.151396,MAN-MADE,Emigrant Lake,>100,OR,NO,WMTNS,WMT,78,Klamath Mountains,II,Western Forested Mountains,II,"Western Mountains: High-elevation, cold, deep northern lakes and reservoirs",SO-SO,N,256.494238,04:>100-500 ha,2.564942,16.846686,2.967364,21.8,21.8,684.22,Yes,Yes,Yes,Yes,Yes,No,No,No,No,Yes, , ,YES,YES,YES,YES,YES,YES,YES,YES,YES,YES,YES,YES,YES,YES (Top only),YES,NOT DONE,YES,YES,YES,YES,YES,YES,YES,8512,2176,145,0.434038205,-123.020334,42.040047,-165.1350329,145,NLA06608-R10SQUAWL,-123.020334,42.040047,-2191776.025,822310.5569,-123.02028,42.04025,Index_site,Region_10,NATURAL,Squaw Lakes, , ,NO,WMTNS,WMT,78,Klamath Mountains,II,Western Forested Mountains,II,"Western Mountains: High-elevation, cold, deep northern lakes and reservoirs",REF,N,17.840309,02:>10-50 ha,0.178403,2.566213,1.713905,33,33,921.21,Missing,Missing,Missing,Missing,Missing,Missing,Missing,Missing,Missing,Missing, , ,YES,YES,YES,YES,YES,YES,YES,YES,YES,YES,YES,YES,YES,YES (Both),YES,YES,YES,YES,YES,YES,YES,YES,YES,8861,5113
NLA06608-1445,-118.852169,42.918354,MAN-MADE,Baca Lake,>100,OR,NO,WMTNS,XER,80,Northern Basin and Range,III,Xeric West,III,"Western Mountains: Moderate-elevation, large southern lakes and reservoirs",TRASH,N,273.114211,04:>100-500 ha,2.731142,7.61775,1.300318,1,1,1267.15,Yes,Yes,Yes,Yes,Yes,No,No,No,No,Yes, , ,YES,YES,YES,YES,YES,YES,YES,YES,YES,YES,YES,YES,YES,YES (Both),YES,YES,YES,YES,YES,YES,YES,YES,YES,8314,1537,142,0.273709636,-118.647249,42.736902,-41.52416083,142,NLA06608-R10FISHLA,-118.647249,42.736902,-1826069.813,805139.3264,-118.64754,42.73702,Index_site,Region_10,NATURAL,Fish Lake, , ,NO,WMTNS,XER,80,Northern Basin and Range,III,Xeric West,III,"Western Mountains: High-elevation, cold, deep northern lakes and reservoirs",SO-SO,Y,6.973458,01: <10 ha,0.069735,1.111436,1.187286,6,6,2248.4,Missing,Missing,Missing,Missing,Missing,Missing,Missing,Missing,Missing,Missing, , ,YES,YES,YES,YES,YES,YES,YES,YES,YES,YES,YES,YES,YES,YES (Top only),YES,NOT DONE,YES,YES,YES,YES,YES,YES,YES,8858,5110
NLA06608-1930,-111.473476,44.100512,MAN-MADE,Ashton Reservoir,>100,ID,NO,WMTNS,XER,12,Snake River Plain,III,Xeric West,III,"Western Mountains: High-elevation, cold, deep northern lakes and reservoirs",SO-SO,N,144.165269,04:>100-500 ha,1.441653,19.364379,4.549549,8,8,1571.27,Yes,Yes,Yes,Yes,Yes,No,No,No,No,Yes, , ,YES,YES,YES,YES,YES,YES,YES,YES,YES,YES,YES,YES,YES,YES (Top only),YES,NOT DONE,YES,YES,YES,YES,YES,YES,YES,8481,2023,133,0.151262651,-111.6037333,44.02361323,-149.4441391,133,NLA06608-2954,-111.603733,44.023613,-1240953.005,832273.611,-111.60531,44.02273,Index_site,Region_10,NATURAL,Singleton Pond,"(10,20]",ID,YES,WMTNS,XER,12,Snake River Plain,III,Xeric West,III,"Western Mountains: High-elevation, cold, deep northern lakes and reservoirs",TRASH,N,19.148315,02:>10-50 ha,0.191483,3.118321,2.010253,2.4,2.4,1536.82,Yes,Yes,Yes,Yes,Yes, , , , ,Yes, , ,YES,YES,YES,YES,YES,YES,YES,YES,YES,YES,YES,YES,YES,YES (Both),YES,YES,YES,YES,YES,YES,YES,YES,YES,8635,3048
NLA06608-1217,-117.33238,48.273757,MAN-MADE,Calispell,>100,WA,NO,WMTNS,WMT,15,Northern Rockies,II,Western Forested Mountains,II,"Western Mountains: High-elevation, cold, deep northern lakes and reservoirs",SO-SO,N,194.554458,04:>100-500 ha,1.945545,8.05129,1.628321,1,1,619.78,Yes,Yes,Yes,Yes,Yes,No,No,No,No,Yes, , ,YES,YES,YES,YES,YES,YES,YES,YES,YES,YES,YES,YES,YES,YES (Top only),YES,NOT DONE,YES,YES,YES,YES,YES,YES,YES,8207,1305,125,0.120480972,-117.3189991,48.15402125,-83.62348877,125,NLA06608-2241,-117.318999,48.154021,-1586950.292,1367107.837,-117.334714,48.147734,Index_site,Region_10,NATURAL,Sacheen Lake,>100,WA,NO,WMTNS,WMT,15,Northern Rockies,II,Western Forested Mountains,II,"Western Mountains: High-elevation, cold, deep northern lakes and reservoirs",SO-SO,N,120.369258,04:>100-500 ha,1.203693,9.393795,2.41534,21.5,21.5,682.11,Yes,Yes,Yes,Yes,Yes,No,No,No,No,Yes, , ,YES,YES,YES,YES,YES,YES,YES,YES,YES,YES,YES,YES,YES,YES (Both),YES,YES,YES,YES,YES,YES,YES,YES,YES,8545,2335
NLA06608-0870,-122.046378,44.316686,MAN-MADE,Smith Reservoir,"(50,100]",OR,NO,WMTNS,WMT,4,Cascades,II,Western Forested Mountains,II,"Western Mountains: High-elevation, cold, deep northern lakes and reservoirs",SO-SO,N,63.691494,03:>50-100 ha,0.636915,6.143987,2.171724,42.4,42.4,795.16,Yes,Yes,Yes,Yes,Yes,No,No,No,No,Yes, , ,YES,YES,YES,YES,YES,YES,YES,YES,YES,YES,YES,YES,YES,YES (Top only),YES,NOT DONE,YES,YES,YES,YES,YES,YES,YES,8036,955,119,0.181721847,-121.8732089,44.37178143,17.6489104,119,NLA06608-1638,-121.873209,44.371781,-2031074.653,1047182.918,-121.87894,44.37316,Index_site,Region_10,NATURAL,Big Lake,"(50,100]",OR,NO,WMTNS,WMT,4,Cascades,II,Western Forested Mountains,II,"Western Mountains: High-elevation, cold, deep northern lakes and reservoirs",SO-SO,N,90.7467,03:>50-100 ha,0.907467,5.599613,1.658203,21.3,21.3,1416.73,Yes,Yes,Yes,Yes,Yes,No,No,No,No,Yes, , ,YES,YES,YES,YES,YES,YES,YES,YES,YES,YES,YES,YES,YES,YES (Both),YES,YES,YES,YES,YES,YES,YES,YES,YES,8388,1730
NLA06608-2497,-116.970121,48.00822,MAN-MADE,Blanchard Lake,"(50,100]",ID,NO,WMTNS,WMT,15,Northern Rockies,II,Western Forested Mountains,II,"Western Mountains: High-elevation, cold, deep northern lakes and reservoirs",SO-SO,N,54.487794,03:>50-100 ha,0.544878,3.42055,1.307198,1.2,1.2,686,Yes,Yes,Yes,Yes,Yes,No,No,No,No,Yes, , ,YES,YES,YES,YES,YES,YES,YES,YES,YES,YES,YES,YES,YES,YES (Both),YES,YES,YES,YES,YES,YES,YES,YES,YES,8579,2591,117,0.365508664,-116.6384102,48.1617266,24.83343903,117,NLA06608-1537,-116.63841,48.161727,-1536917.876,1356750.454,-116.63809,48.16109,Index_site,Region_10,NATURAL,Round Lake,"(10,20]",ID,NO,WMTNS,WMT,15,Northern Rockies,II,Western Forested Mountains,II,"Western Mountains: High-elevation, cold, deep northern lakes and reservoirs",SO-SO,N,17.406049,02:>10-50 ha,0.17406,1.555979,1.05208,11,11,647,Yes,Yes,Yes,Yes,Yes,No,No,No,No,Yes, , ,YES,YES,YES,YES,YES,YES,YES,YES,YES,YES,YES,YES,YES,YES (Both),YES,YES,YES,YES,YES,YES,YES,YES,YES,8354,1629
NLA06608-0785,-119.570872,46.871389,MAN-MADE,Red Rock Lake,"(50,100]",WA,NO,WMTNS,XER,10,Columbia Plateau,III,Xeric West,III,"Western Mountains: Moderate-elevation, large southern lakes and reservoirs",TRASH,N,50.94571,03:>50-100 ha,0.509457,6.023461,2.380605,7.5,7.5,210.96,Yes,Yes,Yes,Yes,Yes,No,No,No,No,Yes, , ,YES,YES,YES,YES,YES,YES,YES,YES,YES,YES,YES,YES,YES,YES (Both),YES,YES,YES,YES,YES,YES,YES,YES,YES,7987,868,112,0.19404891,-119.6483226,46.69346715,-113.5238528,112,NLA06608-1297,-119.648323,46.693467,-1796676.192,1251672.74,-119.645884,46.691914,Index_site,Region_10,NATURAL,Saddle Mountain Lake,>100,WA,NO,WMTNS,XER,10,Columbia Plateau,III,Xeric West,III,"Western Mountains: Moderate-elevation, large southern lakes and reservoirs",SO-SO,N,219.283927,04:>100-500 ha,2.192839,18.881891,3.596973,4.2,4.2,149.07,Yes,Yes,Yes,Yes,Yes,No,No,No,No,Yes, , ,YES,YES,YES,YES,YES,YES,YES,YES,YES,YES,YES,YES,YES,NO,YES,NO CORE SAMPLE,YES,YES,YES,YES,YES,NO,YES,8246,1385
NLA06608-0049,-117.153355,45.062327,MAN-MADE,Clear Creek Reservoir,"(10,20]",OR,NO,WMTNS,WMT,11,Blue Mountains,II,Western Forested Mountains,II,"Western Mountains: High-elevation, cold, deep northern lakes and reservoirs",SO-SO,N,12.890547,02:>10-50 ha,0.128905,1.956493,1.537226,3.7,3.7,2107.88,No,Yes,Yes,Yes,Yes,No,No,No,No,Yes, , ,YES,YES,YES,YES,YES,YES,YES,YES,YES,YES,YES,YES,YES,YES (Top only),YES,NOT DONE,YES,YES,YES,YES,YES,YES,YES,7532,79,110,0.205099902,-117.2723703,45.22936379,125.4701115,110,NLA06608-1073,-117.27237,45.229364,-1655436.966,1050505.853,-117.27204,45.22969,Index_site,Region_10,NATURAL,Ice Lake,"(20,50]",OR,NO,WMTNS,WMT,11,Blue Mountains,II,Western Forested Mountains,II,"Western Mountains: High-elevation, cold, deep northern lakes and reservoirs",REF,N,24.301203,02:>10-50 ha,0.243012,3.086864,1.766439,29,29,2393.93,Yes,Yes,Yes,Yes,Yes,No,No,No,No,Yes, , ,YES,YES,YES,YES,YES,YES,YES,YES,YES,YES,YES,YES,YES,YES (Both),YES,YES,YES,YES,YES,YES,YES,YES,YES,8139,1159
NLA06608-1958,-122.421606,43.662976,MAN-MADE,Hills Creek Reservoir,>100,OR,YES,WMTNS,WMT,4,Cascades,II,Western Forested Mountains,II,"Western Mountains: High-elevation, cold, deep northern lakes and reservoirs",SO-SO,N,1062.111112,05:>500-5000 ha,10.621111,48.045753,4.158772,43.8,43.8,471.43,Yes,Yes,Yes,Yes,Yes,No,No,No,No,Yes, , ,YES,YES,YES,YES,YES,YES,YES,YES,YES,YES,YES,YES,YES,YES (Top only),YES,NOT DONE,YES,YES,YES,YES,YES,YES,YES,8485,2051,105,0.390276866,-122.0382458,43.73612725,10.80304708,105,NLA06608-0934,-122.038246,43.736127,-2062883.339,982486.9123,-122.05994,43.74144,Index_site,Region_10,NATURAL,Waldo Lake,>100,OR,NO,WMTNS,WMT,4,Cascades,II,Western Forested Mountains,II,"Western Mountains: High-elevation, cold, deep northern lakes and reservoirs",REF,N,2443.702689,05:>500-5000 ha,24.437027,35.510647,2.02642,45,45,1651.51,Yes,Yes,Yes,Yes,Yes,No,No,No,No,Yes, , ,YES,YES,YES,YES,YES,YES,YES,YES,YES,YES,YES,YES,YES,YES (Both),YES,YES,YES,YES,YES,YES,YES,YES,YES,8071,1019
NLA06608-0881,-118.045641,44.680299,MAN-MADE,Phillips Reservoir,>100,OR,NO,WMTNS,WMT,11,Blue Mountains,II,Western Forested Mountains,II,"Western Mountains: High-elevation, cold, deep northern lakes and reservoirs",SO-SO,N,911.817522,05:>500-5000 ha,9.118175,25.124102,2.3471,11.6,11.6,1241.7,Yes,Yes,Yes,Yes,Yes,No,No,No,No,Yes, , ,YES,YES,YES,YES,YES,YES,YES,YES,YES,YES,YES,YES,YES,YES (Top only),YES,NOT DONE,YES,YES,YES,YES,YES,YES,YES,8045,966,96,0.307850282,-118.185992,44.9542938,117.1233286,96,NLA06608-0625,-118.185992,44.954294,-1732346.483,1036984.13,-118.18523,44.95548,Index_site,Region_10,NATURAL,Van Patten Lake,"(4,10]",OR,NO,WMTNS,WMT,11,Blue Mountains,II,Western Forested Mountains,II,"Western Mountains: High-elevation, cold, deep northern lakes and reservoirs",REF,Y,6.795638,01: <10 ha,0.067956,1.335436,1.445117,12.9,12.9,2257.2,Yes,Yes,Yes,Yes,Yes,No,No,No,No,Yes, , ,YES,YES,YES,YES,YES,YES,YES,YES,YES,YES,YES,YES,YES,YES (Both),YES,YES,YES,YES,YES,YES,YES,YES,YES,7906,707
NLA06608-1329,-116.16974,45.068128,MAN-MADE,Goose Lake,>100,ID,NO,WMTNS,WMT,16,Idaho Batholith,II,Western Forested Mountains,II,"Western Mountains: High-elevation, cold, deep northern lakes and reservoirs",SO-SO,N,148.147382,04:>100-500 ha,1.481474,8.405335,1.948063,3.4,3.4,1939.1,Yes,Yes,Yes,Yes,Yes,No,No,No,No,Yes, , ,YES,"YES, CLEAR TO BOTTOM",YES,YES,YES,YES,YES,YES,YES,YES,YES,YES,YES,YES (Top only),YES,NOT DONE,YES,YES,YES,YES,YES,YES,YES,8255,1417,95,0.144198636,-116.0893222,44.9484358,-56.10406132,95,NLA06608-0561,-116.089322,44.948436,-1571345.743,999902.8801,-116.05863,44.97318,Index_site,Region_10,NATURAL,Payette Lake,>100,ID,NO,WMTNS,WMT,16,Idaho Batholith,II,Western Forested Mountains,II,"Western Mountains: High-elevation, cold, deep northern lakes and reservoirs",SO-SO,N,2018.422831,05:>500-5000 ha,20.184228,39.899979,2.505311,50.2,52.5,1520,Yes,Yes, ,Yes,Yes,No,No,No,No,Yes, , ,YES,YES,YES,YES,YES,YES,YES,YES,YES,YES,YES,YES,YES,YES (Both),YES,YES,YES,YES,YES,YES,YES,YES,YES,7867,641
NLA06608-2134,-122.743569,45.892663,MAN-MADE,Horseshoe,"(20,50]",WA,YES,WMTNS,WMT,3,Willamette Valley,I,Willamette and Central Valleys,II,"Western Mountains: High-elevation, cold, deep northern lakes and reservoirs",SO-SO,N,31.811312,02:>10-50 ha,0.318113,4.715542,2.3585,3.2,3.2,4.11,Yes,Yes,Yes,Yes,Yes,No,No,No,No,Yes, , ,YES,YES,YES,YES,YES,YES,YES,YES,YES,YES,YES,YES,YES,NO,YES,NO CORE SAMPLE,YES,YES,YES,YES,YES,NO,YES,8530,2228,87,0.420778919,-122.4260347,45.61657075,-41.00661657,87,NLA06608-0086,-122.426035,45.616571,-2035337.02,1192316.124,-122.42934,45.61784,Index_site,Region_10,NATURAL,Lacamas Lake,>100,WA,YES,WMTNS,WMT,3,Willamette Valley,I,Willamette and Central Valleys,II,"Western Mountains: High-elevation, cold, deep northern lakes and reservoirs",SO-SO,N,101.30873,04:>100-500 ha,1.013087,8.995296,2.521083,14.2,14.2,55.6,Yes,Yes,Yes,Yes,Yes,No,No,No,No,Yes, , ,YES,YES,YES,YES,YES,YES,YES,YES,YES,YES,YES,YES,YES,YES (Top only),YES,NOT DONE,YES,YES,YES,YES,YES,YES,YES,7578,138
NLA06608-0226,-71.247409,43.199526,MAN-MADE,Voydatch Pond,"(4,10]",NH,NO,EHIGH,NAP,59,Northeastern Coastal Zone,XIV,Eastern Coastal Plain,CPL,E. Highlands: Cold northern lakes and reservoirs,SO-SO,Y,5.055173,01: <10 ha,0.050552,1.014552,1.27292,0,2.9,189.39,Yes,Yes,Yes,Yes,Yes,No,No,No,No,Yes, , ,YES,YES,YES,YES,YES,YES,YES,YES,YES,YES,YES,YES,YES,YES (Both),YES,YES,YES,YES,YES,YES,YES,YES,YES,7682,299,57,0.205004779,-71.428103,43.296358,151.8135707,57,NLA06608-ELS:1C2-032,-71.428103,43.296358,1961942.855,904078.4515,-71.42875,43.29527,Index_site,Region_1,NATURAL,Crooked Pond, , ,YES,EHIGH,NAP,59,Northeastern Coastal Zone,XIV,Eastern Coastal Plain,CPL,E. Highlands: Cold northern lakes and reservoirs,SO-SO,N,12.572837,02:>10-50 ha,0.125728,1.71601,1.365206,0,5.4,155.28,Missing,Missing,Missing,Missing,Missing,Missing,Missing,Missing,Missing,Missing, , ,YES,YES,YES,YES,YES,YES,YES,YES,YES,YES,YES,YES,YES,YES (Both),YES,YES,YES,YES,YES,YES,YES,YES,YES,8797,5050
NLA06608-0242,-71.910512,41.568323,MAN-MADE,Pachaug Pond,>100,CT,YES,EHIGH,NAP,59,Northeastern Coastal Zone,XIV,Eastern Coastal Plain,CPL,E. Highlands: Cold northern lakes and reservoirs,SO-SO,N,320.137248,04:>100-500 ha,3.201372,17.663823,2.784913,3,3,47.73,Yes,Yes,Yes,Yes,Yes,No,No,No,No,Yes, , ,YES,YES,YES,YES,YES,YES,YES,YES,YES,YES,YES,YES,YES,YES (Both),YES,YES,YES,YES,YES,YES,YES,YES,YES,7696,317,52,0.11309703,-71.79802709,41.58007689,5.965357584,52,NLA06608-3890,-71.798027,41.580077,1981390.276,710812.8556,-71.791389,41.578889,Index_site,Region_1,NATURAL,Beach Pond,>100,RI,NO,EHIGH,NAP,59,Northeastern Coastal Zone,XIV,Eastern Coastal Plain,CPL,E. Highlands: Cold northern lakes and reservoirs,SO-SO,N,164.923243,04:>100-500 ha,1.649232,9.031937,1.98397,19,19,89.94,Yes,Yes,Yes,Yes,Yes,No,No,No,No,Yes, , ,YES,YES,YES,YES,YES,YES,YES,YES,YES,YES,YES,YES,YES,YES (Both),YES,YES,YES,YES,YES,YES,YES,YES,YES,8664,3984
NLA06608-0326,-72.040126,41.357195,MAN-MADE,Groton Reservoir,"(50,100]",CT,YES,EHIGH,NAP,59,Northeastern Coastal Zone,XIV,Eastern Coastal Plain,CPL,E. Highlands: Cold northern lakes and reservoirs,SO-SO,N,67.389095,03:>50-100 ha,0.673891,9.888539,3.39807,6.4,6.4,6.71,Yes,Yes,Yes,Yes,Yes,No,No,No,No,Yes, , ,YES,YES,YES,YES,YES,YES,YES,YES,YES,YES,YES,YES,YES,YES (Both),YES,NO LAB DATA,YES,YES,YES,YES,YES,YES,YES,7739,402,50,0.246373479,-71.79479768,41.37985994,5.278374811,50,NLA06608-2566,-71.794798,41.37986,1987295.125,689193.8199,-71.791389,41.381111,Index_site,Region_1,NATURAL,Chapman Pond,"(50,100]",RI,YES,EHIGH,NAP,59,Northeastern Coastal Zone,XIV,Eastern Coastal Plain,CPL,E. Highlands: Cold northern lakes and reservoirs,SO-SO,N,69.258045,03:>50-100 ha,0.69258,3.199491,1.084528,0.5,0.5,10.73,Yes,Yes,Yes,Yes,Yes,No,No,No,No,Yes, , ,YES,"YES, CLEAR TO BOTTOM",YES,YES,YES,YES,YES,YES,YES,YES,YES,YES,YES,YES (Both),YES,YES,YES,YES,YES,YES,YES,YES,YES,8589,2660
NLA06608-1906,-71.553178,41.862134,MAN-MADE,Slack Reservoir,"(50,100]",RI,YES,EHIGH,NAP,59,Northeastern Coastal Zone,XIV,Eastern Coastal Plain,CPL,E. Highlands: Cold northern lakes and reservoirs,SO-SO,N,50.609599,03:>50-100 ha,0.506096,6.377359,2.528829,3.5,3.5,82.78,Yes,Yes,Yes,Yes,Yes,No,No,No,No,Yes, , ,YES,YES,YES,YES,YES,YES,YES,YES,YES,YES,YES,YES,YES,YES (Both),YES,YES,YES,YES,YES,YES,YES,YES,YES,8477,1999,49,0.182865285,-71.45889451,41.70544844,-58.96304277,49,NLA06608-2354,-71.458895,41.705448,2004956.275,731496.7512,-71.45639,41.70427,Index_site,Region_1,NATURAL,Gorton Pond,"(20,50]",RI,YES,EHIGH,NAP,59,Northeastern Coastal Zone,XIV,Eastern Coastal Plain,CPL,E. Highlands: Cold northern lakes and reservoirs,SO-SO,N,21.673283,02:>10-50 ha,0.216733,1.860982,1.127652,14.5,14.5,4.74,Yes,Yes,Yes,Yes,Yes,No,No,No,No,Yes, , ,YES,YES,YES,YES,YES,YES,YES,YES,YES,YES,YES,YES,YES,YES (Both),YES,YES,YES,YES,YES,YES,YES,YES,YES,8560,2448
NLA06608-2418,-71.479081,41.559771,MAN-MADE,Belleville Pond,"(50,100]",RI,YES,EHIGH,NAP,59,Northeastern Coastal Zone,XIV,Eastern Coastal Plain,CPL,E. Highlands: Cold northern lakes and reservoirs,SO-SO,N,63.795436,03:>50-100 ha,0.637954,5.982378,2.112876,1.4,1.4,14.73,Yes,Yes,Yes,Yes,Yes,No,No,No,No,Yes, , ,YES,YES,YES,YES,YES,YES,YES,YES,YES,YES,YES,YES,YES,YES (Both),YES,YES,YES,YES,YES,YES,YES,YES,YES,8566,2512,48,0.105829924,-71.57318015,41.51134268,-152.7675444,48,NLA06608-2162,-71.57318,41.511343,2001348.572,708082.2133,-71.571667,41.511111,Index_site,Region_1,NATURAL,Yawgoo Pond,"(50,100]",RI,YES,EHIGH,NAP,59,Northeastern Coastal Zone,XIV,Eastern Coastal Plain,CPL,E. Highlands: Cold northern lakes and reservoirs,SO-SO,Y,56.910624,03:>50-100 ha,0.569106,2.994714,1.119834,10.2,10.2,36.33,Yes,Yes,Yes,Yes,Yes,No,No,No,No,Yes, , ,YES,YES,YES,YES,YES,YES,YES,YES,YES,YES,YES,YES,YES,YES (Both),YES,YES,YES,YES,YES,YES,YES,YES,YES,8535,2256
NLA06608-0562,-71.610878,41.686868,MAN-MADE,Flat River Reservoir,>100,RI,YES,EHIGH,NAP,59,Northeastern Coastal Zone,XIV,Eastern Coastal Plain,CPL,E. Highlands: Cold northern lakes and reservoirs,SO-SO,N,157.291449,04:>100-500 ha,1.572914,19.851288,4.4651,10,10,75.34,Yes,Yes,Yes,Yes,Yes,No,No,No,No,Yes, , ,YES,YES,YES,YES,YES,YES,YES,YES,YES,YES,YES,YES,YES,YES (Both),YES,YES,YES,YES,YES,YES,YES,YES,YES,7868,642,46,0.032512778,-71.64332202,41.6889871,176.2630641,46,NLA06608-1586,-71.643322,41.688987,1990688.555,725838.2396,-71.640278,41.692631,Index_site,Region_1,NATURAL,Stump Pond,"(50,100]",RI,YES,EHIGH,NAP,59,Northeastern Coastal Zone,XIV,Eastern Coastal Plain,CPL,E. Highlands: Cold northern lakes and reservoirs,SO-SO,Y,63.874723,03:>50-100 ha,0.638747,4.387077,1.548481,2.2,2.2,91.76,Yes,Yes,Yes,Yes,Yes,No,No,No,No,Yes, , ,YES,"YES, CLEAR TO BOTTOM",YES,YES,YES,YES,YES,YES,YES,YES,YES,YES,YES,YES (Both),YES,YES,YES,YES,YES,YES,YES,YES,YES,8373,1678
NLA06608-0805,-73.447196,41.89706,MAN-MADE,Beardsley Pond,"(10,20]",CT,NO,EHIGH,NAP,58,Northeastern Highlands,VIII,Nutrient Poor Largely Glaciated Upper Midwest and Northeast,VIII,E. Highlands: Cold northern lakes and reservoirs,SO-SO,N,10.591749,02:>10-50 ha,0.105917,1.700227,1.47373,5.5,5.5,258.17,Yes,Yes,Yes,Yes,Yes,No,No,No,No,Yes, , ,YES,YES,YES,YES,YES,YES,YES,YES,YES,YES,YES,YES,YES,YES (Both),YES,YES,YES,YES,YES,YES,YES,YES,YES,7996,889,41,0.041113731,-73.45450471,41.93751914,100.2399267,41,NLA06608-1125,-73.454505,41.937519,1839026.836,716309.1364,-73.45423,41.940267,Index_site,Region_1,NATURAL,Wononpakook Lake,"(50,100]",CT,NO,EHIGH,NAP,58,Northeastern Highlands,VIII,Nutrient Poor Largely Glaciated Upper Midwest and Northeast,VIII,E. Highlands: Cold northern lakes and reservoirs,SO-SO,N,68.808305,03:>50-100 ha,0.688083,4.417176,1.502171,7,7.5,212.17,Yes,Yes,Yes,Yes,Yes,No,No,No,No,Yes, , ,YES,YES,YES,YES,YES,YES,YES,YES,YES,YES,YES,YES,YES,YES (Both),YES,YES,YES,YES,YES,YES,YES,YES,YES,8163,1212
NLA06608-0177,-73.052323,43.892036,MAN-MADE,Silver,"(20,50]",VT,NO,EHIGH,NAP,58,Northeastern Highlands,VIII,Nutrient Poor Largely Glaciated Upper Midwest and Northeast,VIII,E. Highlands: Cold northern lakes and reservoirs,REF,N,41.126195,02:>10-50 ha,0.411262,3.479406,1.530527,19,19,384.73,Yes,Yes,Yes,Yes,Yes,No,No,No,No,Yes, , ,YES,YES,YES,YES,YES,YES,YES,YES,YES,YES,YES,YES,YES,YES (Top only),YES,NOT DONE,YES,YES,YES,YES,YES,YES,YES,7642,243,40,0.205371699,-73.1843614,43.7347358,-130.0100766,40,NLA06608-0997,-73.184361,43.734736,1812891.577,916616.0434,-73.18306,43.73444,Index_site,Region_1,NATURAL,Beebe Lake,"(20,50]",VT,YES,EHIGH,NAP,83,Eastern Great Lakes and Hudson Lowlands,VII,Mostly Glaciated Dairy Region,VII,E. Highlands: Cold northern lakes and reservoirs,SO-SO,N,38.457955,02:>10-50 ha,0.38458,3.059167,1.39157,13.2,13.2,187.88,Yes,Yes,Yes,Yes,Yes,No,No,No,No,Yes, , ,YES,YES,YES,YES,YES,YES,YES,YES,YES,YES,YES,YES,YES,YES (Both),YES,YES,YES,YES,YES,YES,YES,YES,YES,8103,1082
NLA06608-0354,-71.807041,42.513169,MAN-MADE,Haynes Reservoir,"(20,50]",MA,YES,EHIGH,NAP,59,Northeastern Coastal Zone,XIV,Eastern Coastal Plain,CPL,E. Highlands: Cold northern lakes and reservoirs,SO-SO,N,21.960497,02:>10-50 ha,0.219605,2.451015,1.475435,2.9,2.9,255.8,Yes,Yes,Yes,Missing,Yes,No,No,No,No,Missing, , ,YES,"YES, CLEAR TO BOTTOM",YES,YES,YES,YES,YES,YES,YES,YES,YES,YES,YES,YES (Top only),YES,NOT DONE,YES,YES,YES,YES,YES,YES,YES,7757,431,32,0.225229259,-71.92427314,42.7054837,121.3657579,32,NLA06608-0802,-71.924273,42.705484,1939730.192,830036.6411,-71.92459,42.703063,Index_site,Region_1,NATURAL,Wallace Pond,"(10,20]",MA,YES,EHIGH,NAP,58,Northeastern Highlands,VIII,Nutrient Poor Largely Glaciated Upper Midwest and Northeast,VIII,E. Highlands: Cold northern lakes and reservoirs,SO-SO,N,12.07935,02:>10-50 ha,0.120793,1.727012,1.401744,2.4,2.4,348.79,Yes,Yes,Yes,Missing,Yes,No,No,No,No,Missing, , ,YES,YES,YES,YES,YES,YES,YES,YES,YES,YES,YES,YES,YES,YES (Both),YES,YES,YES,YES,YES,YES,YES,YES,YES,7994,886
NLA06608-4413,-71.769061,41.920285,MAN-MADE,Bowdish Reservoir,"(50,100]",RI,YES,EHIGH,NAP,59,Northeastern Coastal Zone,XIV,Eastern Coastal Plain,CPL,E. Highlands: Cold northern lakes and reservoirs,SO-SO,N,82.134502,03:>50-100 ha,0.821345,7.215776,2.246029,2.5,2.5,172.77,Yes,Yes,Yes,Yes,Yes,No,No,No,No,Yes, , ,YES,YES,YES,YES,YES,YES,YES,YES,YES,YES,YES,YES,YES,YES (Both),YES,YES,YES,YES,YES,YES,YES,YES,YES,8672,4507,31,0.079797214,-71.76889368,42.00008215,89.88020591,31,NLA06608-0754,-71.768894,42.000082,1971870.649,756895.2021,-71.768333,42.015,Index_site,Region_1,NATURAL,Wallum Lake,>100,MA,YES,EHIGH,NAP,59,Northeastern Coastal Zone,XIV,Eastern Coastal Plain,CPL,E. Highlands: Cold northern lakes and reservoirs,SO-SO,N,125.723377,04:>100-500 ha,1.257234,8.17558,2.056864,23.2,23.2,178.4,Yes,Yes,Yes,Yes,Yes,No,No,No,No,Yes, , ,YES,YES,YES,YES,YES,YES,YES,YES,YES,YES,YES,YES,YES,YES (Both),YES,YES,YES,YES,YES,YES,YES,YES,YES,7969,837
NLA06608-0357,-73.137787,42.312805,MAN-MADE,Buckley-Dunton,"(50,100]",MA,NO,EHIGH,NAP,58,Northeastern Highlands,VIII,Nutrient Poor Largely Glaciated Upper Midwest and Northeast,VIII,E. Highlands: Cold northern lakes and reservoirs,SO-SO,N,58.463682,03:>50-100 ha,0.584637,5.075889,1.872682,3.3,3.3,536.84,Yes,Yes,Yes,Missing,Yes,No,No,No,No,Missing, , ,YES,YES,YES,YES,YES,YES,YES,YES,YES,YES,YES,YES,YES,YES (Top only),YES,NOT DONE,YES,YES,YES,YES,YES,YES,YES,7759,434,27,0.291418041,-72.95778821,42.54198776,51.85406582,27,NLA06608-0674,-72.957788,42.541988,1862525.668,791645.1229,-72.955895,42.541291,Index_site,Region_1,NATURAL,Plainfield Pond,"(20,50]",MA,NO,EHIGH,NAP,58,Northeastern Highlands,VIII,Nutrient Poor Largely Glaciated Upper Midwest and Northeast,VIII,E. Highlands: Cold northern lakes and reservoirs,SO-SO,N,25.551222,02:>10-50 ha,0.255512,2.477878,1.382831,2.7,2.7,515.86,Yes,Yes,Yes,Yes,Yes,No,No,No,No,Missing, , ,YES,"YES, CLEAR TO BOTTOM",YES,YES,YES,YES,YES,YES,YES,YES,YES,YES,YES,YES (Both),YES,YES,YES,YES,YES,YES,YES,YES,YES,7931,756
NLA06608-1414,-72.219219,41.924005,MAN-MADE,Bissonnette Pond,"(10,20]",CT,YES,EHIGH,NAP,59,Northeastern Coastal Zone,XIV,Eastern Coastal Plain,CPL,E. Highlands: Cold northern lakes and reservoirs,SO-SO,N,19.460232,02:>10-50 ha,0.194602,2.788741,1.78332,2.4,2.4,205.1,Yes,Yes,Yes,Yes,Yes,No,No,No,No,Yes, , ,YES,YES,YES,YES,YES,YES,YES,YES,YES,YES,YES,YES,YES,YES (Both),YES,YES,YES,YES,YES,YES,YES,YES,YES,8303,1506,21,0.269240336,-71.95133091,41.95095517,5.744854587,21,NLA06608-0498,-71.951331,41.950955,1958719.747,747803.1054,-71.950978,41.950235,Index_site,Region_1,NATURAL,Roseland Lake,"(20,50]",CT,YES,EHIGH,NAP,59,Northeastern Coastal Zone,XIV,Eastern Coastal Plain,CPL,E. Highlands: Cold northern lakes and reservoirs,SO-SO,N,36.732238,02:>10-50 ha,0.367322,2.872662,1.337075,5.5,5.5,86.77,Yes,Yes,Yes,Yes,Yes,No,No,No,No,Yes, , ,YES,YES,YES,YES,YES,YES,YES,YES,YES,YES,YES,YES,YES,YES (Both),YES,YES,YES,YES,YES,YES,YES,YES,YES,7836,578
NLA06608-1010,-73.289158,41.44986,MAN-MADE,Lake Zoar,>100,CT,YES,EHIGH,NAP,59,Northeastern Coastal Zone,XIV,Eastern Coastal Plain,CPL,E. Highlands: Cold northern lakes and reservoirs,SO-SO,N,382.332452,04:>100-500 ha,3.823325,39.776835,5.738584,15.2,16,30.71,Yes,Yes,Yes,Yes,Yes,No,No,No,No,Yes, , ,YES,YES,YES,YES,YES,YES,YES,YES,YES,YES,YES,YES,YES,YES (Both),YES,YES,YES,YES,YES,YES,YES,YES,YES,8112,1095,13,0.223834054,-73.50316356,41.38426053,-162.9581568,13,NLA06608-0293,-73.503164,41.384261,1849651.924,655183.229,-73.501541,41.383315,Index_site,Region_1,NATURAL,Lake Kenosia,"(20,50]",CT,YES,EHIGH,NAP,59,Northeastern Coastal Zone,XIV,Eastern Coastal Plain,CPL,E. Highlands: Cold northern lakes and reservoirs,SO-SO,N,23.552426,02:>10-50 ha,0.235524,2.529444,1.470288,5.5,5.5,136.47,Yes,Yes,Yes,Yes,Yes,No,No,No,No,Yes, , ,YES,YES,YES,YES,YES,YES,YES,YES,YES,YES,YES,YES,YES,YES (Both),YES,YES,YES,YES,YES,YES,YES,YES,YES,7723,369
NLA06608-0006,-73.146518,41.683146,MAN-MADE,Morris Reservoir,"(50,100]",CT,YES,EHIGH,NAP,59,Northeastern Coastal Zone,XIV,Eastern Coastal Plain,CPL,E. Highlands: Cold northern lakes and reservoirs,REF,Y,56.199748,03:>50-100 ha,0.561997,5.836995,2.196429,25.3,25.3,198.75,Yes,Yes,Yes,Yes,Yes,No,No,No,No,Yes, , ,YES,YES,YES,YES,YES,YES,YES,YES,YES,SAMPLE LOST,YES,YES,YES,YES (Both),YES,YES,YES,YES,YES,YES,YES,YES,YES,7477,9,0,0.21790819,-73.36398551,41.69699293,176.3567603,0,NLA06608-0037,-73.363986,41.696993,1852620.183,691912.6223,-73.34949,41.69141,Index_site,Region_1,NATURAL,Lake Waramaug,>100,CT,YES,EHIGH,NAP,58,Northeastern Highlands,VIII,Nutrient Poor Largely Glaciated Upper Midwest and Northeast,VIII,E. Highlands: Cold northern lakes and reservoirs,TRASH,N,236.955581,04:>100-500 ha,2.369556,14.011496,2.567711,12.5,13,211.27,Yes,Yes,Yes,Yes,Yes,No,No,No,No,Yes, , ,YES,YES,YES,YES,YES,YES,YES,YES,YES,YES,YES,YES,YES,YES (Both),YES,YES,YES,YES,YES,YES,YES,YES,YES,7516,59
